Date,Product_Name,Forecast,Actual_Sales,Error,Abs_Error
2025-11-02,Avo & Hal Muffin,0,0,0,0
2025-11-02,"Avo, Egg & Bacon",4,6,-2,2
2025-11-02,"Avo, Feta & Tom",3,2,1,1
2025-11-02,Avocado on Toast,2,3,-1,1
2025-11-02,Bacon,7,5,2,2
2025-11-02,Bacon Bap,15,26,-11,11
2025-11-02,Bacon Egg Brioch,3,4,-1,1
2025-11-02,Bacon Waffle,5,12,-7,7
2025-11-02,Baked Beans,6,8,-2,2
2025-11-02,Baked Beans JP,0,0,0,0
2025-11-02,Bakery,57,50,7,7
2025-11-02,Bean Soldiers,1,0,1,1
2025-11-02,Big Breakfast,25,33,-8,8
2025-11-02,Black Pudding,3,5,-2,2
2025-11-02,Breakfast Hash,1,0,1,1
2025-11-02,Breakfast Muffin,4,9,-5,5
2025-11-02,Breakfast Wrap,0,0,0,0
2025-11-02,Brown Toast Bread,9,8,1,1
2025-11-02,Buttd Mushrooms,3,3,0,0
2025-11-02,Cheese & Bean JP,2,3,-1,1
2025-11-02,Cheese JP,0,1,-1,1
2025-11-02,Chick Flatbread,3,1,2,2
2025-11-02,Chicken Club,5,4,1,1
2025-11-02,Chilli Carne JP,2,1,1,1
2025-11-02,Egg Bacon Brioch,0,0,0,0
2025-11-02,Egg Bap,1,0,1,1
2025-11-02,Extra Beans,1,0,1,1
2025-11-02,F.Eggs on Toast,2,3,-1,1
2025-11-02,Festive Stack,0,0,0,0
2025-11-02,Fried Egg,10,11,-1,1
2025-11-02,Hash Brown,4,5,-1,1
2025-11-02,Hash Brown Bites,0,0,0,0
2025-11-02,Little Avo Toast,0,0,0,0
2025-11-02,Little Bean Toas,0,0,0,0
2025-11-02,Little Egg Toast,0,0,0,0
2025-11-02,Ltle Bfast Bacon,1,3,-2,2
2025-11-02,Ltle Bfast Saus,3,2,1,1
2025-11-02,Mini Hash Browns,3,2,1,1
2025-11-02,Multiseed Toast Bread,2,5,-3,3
2025-11-02,P.Eggs on Toast,5,4,1,1
2025-11-02,Poached Egg,5,5,0,0
2025-11-02,Porridge,0,1,-1,1
2025-11-02,Posh Beans,1,0,1,1
2025-11-02,S.Eggs on Toast,3,6,-3,3
2025-11-02,Sausage,13,5,8,8
2025-11-02,Sausage Bap,10,17,-7,7
2025-11-02,Scrambled Egg,2,2,0,0
2025-11-02,Sourdough Toast Bread,1,5,-4,4
2025-11-02,Streaky Bacon,0,0,0,0
2025-11-02,Tattie Scone,3,0,3,3
2025-11-02,The Breakfast,50,44,6,6
2025-11-02,Toasted Teacake,11,10,1,1
2025-11-02,Tuna JP,2,7,-5,5
2025-11-02,Tuna Mayo Mix,0,0,0,0
2025-11-02,Tuna Melt Panini,0,0,0,0
2025-11-02,Tuna Panini,0,0,0,0
2025-11-02,Tuna Toastie,3,2,1,1
2025-11-02,Veg Sausage Bap,0,0,0,0
2025-11-02,Vegan Breakfast,1,1,0,0
2025-11-02,Vegan Sausage,0,0,0,0
2025-11-02,Veggie Bap,1,1,0,0
2025-11-02,Veggie Breakfast,3,3,0,0
2025-11-02,White Toast Bread,43,46,-3,3
2025-11-03,Avo & Hal Muffin,0,0,0,0
2025-11-03,"Avo, Egg & Bacon",3,3,0,0
2025-11-03,"Avo, Feta & Tom",2,1,1,1
2025-11-03,Avocado on Toast,2,1,1,1
2025-11-03,Bacon,5,6,-1,1
2025-11-03,Bacon Bap,15,8,7,7
2025-11-03,Bacon Egg Brioch,2,1,1,1
2025-11-03,Bacon Waffle,3,5,-2,2
2025-11-03,Baked Beans,4,3,1,1
2025-11-03,Baked Beans JP,0,0,0,0
2025-11-03,Bakery,51,56,-5,5
2025-11-03,Bean Soldiers,1,1,0,0
2025-11-03,Big Breakfast,14,12,2,2
2025-11-03,Black Pudding,2,7,-5,5
2025-11-03,Breakfast Hash,1,2,-1,1
2025-11-03,Breakfast Muffin,3,4,-1,1
2025-11-03,Breakfast Wrap,0,0,0,0
2025-11-03,Brown Toast Bread,7,7,0,0
2025-11-03,Buttd Mushrooms,2,2,0,0
2025-11-03,Cheese & Bean JP,2,2,0,0
2025-11-03,Cheese JP,0,0,0,0
2025-11-03,Chick Flatbread,2,2,0,0
2025-11-03,Chicken Club,3,3,0,0
2025-11-03,Chilli Carne JP,1,3,-2,2
2025-11-03,Egg Bacon Brioch,0,0,0,0
2025-11-03,Egg Bap,1,3,-2,2
2025-11-03,Extra Beans,1,0,1,1
2025-11-03,F.Eggs on Toast,1,1,0,0
2025-11-03,Festive Stack,0,0,0,0
2025-11-03,Fried Egg,8,3,5,5
2025-11-03,Hash Brown,2,3,-1,1
2025-11-03,Hash Brown Bites,0,0,0,0
2025-11-03,Little Avo Toast,0,0,0,0
2025-11-03,Little Bean Toas,0,0,0,0
2025-11-03,Little Egg Toast,0,0,0,0
2025-11-03,Ltle Bfast Bacon,1,0,1,1
2025-11-03,Ltle Bfast Saus,2,1,1,1
2025-11-03,Mini Hash Browns,2,2,0,0
2025-11-03,Multiseed Toast Bread,2,11,-9,9
2025-11-03,P.Eggs on Toast,5,9,-4,4
2025-11-03,Poached Egg,3,0,3,3
2025-11-03,Porridge,0,0,0,0
2025-11-03,Posh Beans,1,1,0,0
2025-11-03,S.Eggs on Toast,3,4,-1,1
2025-11-03,Sausage,6,6,0,0
2025-11-03,Sausage Bap,8,11,-3,3
2025-11-03,Scrambled Egg,1,3,-2,2
2025-11-03,Sourdough Toast Bread,1,1,0,0
2025-11-03,Streaky Bacon,0,0,0,0
2025-11-03,Tattie Scone,1,5,-4,4
2025-11-03,The Breakfast,26,30,-4,4
2025-11-03,Toasted Teacake,13,15,-2,2
2025-11-03,Tuna JP,3,2,1,1
2025-11-03,Tuna Mayo Mix,0,0,0,0
2025-11-03,Tuna Melt Panini,0,0,0,0
2025-11-03,Tuna Panini,0,0,0,0
2025-11-03,Tuna Toastie,3,3,0,0
2025-11-03,Veg Sausage Bap,0,0,0,0
2025-11-03,Vegan Breakfast,1,0,1,1
2025-11-03,Vegan Sausage,0,0,0,0
2025-11-03,Veggie Bap,0,2,-2,2
2025-11-03,Veggie Breakfast,2,0,2,2
2025-11-03,White Toast Bread,26,28,-2,2
2025-11-04,Avo & Hal Muffin,0,0,0,0
2025-11-04,"Avo, Egg & Bacon",3,1,2,2
2025-11-04,"Avo, Feta & Tom",2,1,1,1
2025-11-04,Avocado on Toast,1,2,-1,1
2025-11-04,Bacon,5,7,-2,2
2025-11-04,Bacon Bap,14,14,0,0
2025-11-04,Bacon Egg Brioch,2,2,0,0
2025-11-04,Bacon Waffle,2,2,0,0
2025-11-04,Baked Beans,4,6,-2,2
2025-11-04,Baked Beans JP,0,0,0,0
2025-11-04,Bakery,53,60,-7,7
2025-11-04,Bean Soldiers,1,0,1,1
2025-11-04,Big Breakfast,13,17,-4,4
2025-11-04,Black Pudding,1,2,-1,1
2025-11-04,Breakfast Hash,1,2,-1,1
2025-11-04,Breakfast Muffin,2,2,0,0
2025-11-04,Breakfast Wrap,0,0,0,0
2025-11-04,Brown Toast Bread,7,8,-1,1
2025-11-04,Buttd Mushrooms,2,3,-1,1
2025-11-04,Cheese & Bean JP,1,0,1,1
2025-11-04,Cheese JP,0,0,0,0
2025-11-04,Chick Flatbread,2,5,-3,3
2025-11-04,Chicken Club,3,1,2,2
2025-11-04,Chilli Carne JP,1,2,-1,1
2025-11-04,Egg Bacon Brioch,0,0,0,0
2025-11-04,Egg Bap,1,1,0,0
2025-11-04,Extra Beans,1,0,1,1
2025-11-04,F.Eggs on Toast,1,0,1,1
2025-11-04,Festive Stack,0,0,0,0
2025-11-04,Fried Egg,7,6,1,1
2025-11-04,Hash Brown,2,4,-2,2
2025-11-04,Hash Brown Bites,0,0,0,0
2025-11-04,Little Avo Toast,0,0,0,0
2025-11-04,Little Bean Toas,0,0,0,0
2025-11-04,Little Egg Toast,0,0,0,0
2025-11-04,Ltle Bfast Bacon,1,0,1,1
2025-11-04,Ltle Bfast Saus,2,0,2,2
2025-11-04,Mini Hash Browns,2,0,2,2
2025-11-04,Multiseed Toast Bread,2,1,1,1
2025-11-04,P.Eggs on Toast,4,5,-1,1
2025-11-04,Poached Egg,3,1,2,2
2025-11-04,Porridge,0,0,0,0
2025-11-04,Posh Beans,1,2,-1,1
2025-11-04,S.Eggs on Toast,2,5,-3,3
2025-11-04,Sausage,5,3,2,2
2025-11-04,Sausage Bap,9,14,-5,5
2025-11-04,Scrambled Egg,1,1,0,0
2025-11-04,Sourdough Toast Bread,1,1,0,0
2025-11-04,Streaky Bacon,0,0,0,0
2025-11-04,Tattie Scone,1,0,1,1
2025-11-04,The Breakfast,24,26,-2,2
2025-11-04,Toasted Teacake,15,12,3,3
2025-11-04,Tuna JP,2,3,-1,1
2025-11-04,Tuna Mayo Mix,0,0,0,0
2025-11-04,Tuna Melt Panini,0,0,0,0
2025-11-04,Tuna Panini,0,0,0,0
2025-11-04,Tuna Toastie,2,3,-1,1
2025-11-04,Veg Sausage Bap,0,0,0,0
2025-11-04,Vegan Breakfast,1,0,1,1
2025-11-04,Vegan Sausage,0,0,0,0
2025-11-04,Veggie Bap,0,0,0,0
2025-11-04,Veggie Breakfast,1,1,0,0
2025-11-04,White Toast Bread,21,20,1,1
2025-11-05,Avo & Hal Muffin,0,0,0,0
2025-11-05,"Avo, Egg & Bacon",3,2,1,1
2025-11-05,"Avo, Feta & Tom",2,1,1,1
2025-11-05,Avocado on Toast,2,4,-2,2
2025-11-05,Bacon,5,5,0,0
2025-11-05,Bacon Bap,15,14,1,1
2025-11-05,Bacon Egg Brioch,2,2,0,0
2025-11-05,Bacon Waffle,3,4,-1,1
2025-11-05,Baked Beans,5,3,2,2
2025-11-05,Baked Beans JP,0,0,0,0
2025-11-05,Bakery,58,57,1,1
2025-11-05,Bean Soldiers,1,0,1,1
2025-11-05,Big Breakfast,15,7,8,8
2025-11-05,Black Pudding,1,0,1,1
2025-11-05,Breakfast Hash,0,0,0,0
2025-11-05,Breakfast Muffin,2,4,-2,2
2025-11-05,Breakfast Wrap,0,0,0,0
2025-11-05,Brown Toast Bread,7,6,1,1
2025-11-05,Buttd Mushrooms,2,4,-2,2
2025-11-05,Cheese & Bean JP,1,2,-1,1
2025-11-05,Cheese JP,0,0,0,0
2025-11-05,Chick Flatbread,2,4,-2,2
2025-11-05,Chicken Club,3,2,1,1
2025-11-05,Chilli Carne JP,1,1,0,0
2025-11-05,Egg Bacon Brioch,0,0,0,0
2025-11-05,Egg Bap,1,1,0,0
2025-11-05,Extra Beans,1,0,1,1
2025-11-05,F.Eggs on Toast,1,1,0,0
2025-11-05,Festive Stack,0,0,0,0
2025-11-05,Fried Egg,7,4,3,3
2025-11-05,Hash Brown,2,2,0,0
2025-11-05,Hash Brown Bites,0,0,0,0
2025-11-05,Little Avo Toast,0,0,0,0
2025-11-05,Little Bean Toas,0,0,0,0
2025-11-05,Little Egg Toast,0,0,0,0
2025-11-05,Ltle Bfast Bacon,0,0,0,0
2025-11-05,Ltle Bfast Saus,2,0,2,2
2025-11-05,Mini Hash Browns,2,2,0,0
2025-11-05,Multiseed Toast Bread,2,2,0,0
2025-11-05,P.Eggs on Toast,5,3,2,2
2025-11-05,Poached Egg,3,4,-1,1
2025-11-05,Porridge,0,0,0,0
2025-11-05,Posh Beans,1,1,0,0
2025-11-05,S.Eggs on Toast,3,4,-1,1
2025-11-05,Sausage,5,4,1,1
2025-11-05,Sausage Bap,8,4,4,4
2025-11-05,Scrambled Egg,1,2,-1,1
2025-11-05,Sourdough Toast Bread,1,0,1,1
2025-11-05,Streaky Bacon,0,0,0,0
2025-11-05,Tattie Scone,1,0,1,1
2025-11-05,The Breakfast,27,11,16,16
2025-11-05,Toasted Teacake,12,8,4,4
2025-11-05,Tuna JP,2,0,2,2
2025-11-05,Tuna Mayo Mix,0,0,0,0
2025-11-05,Tuna Melt Panini,0,0,0,0
2025-11-05,Tuna Panini,0,0,0,0
2025-11-05,Tuna Toastie,2,3,-1,1
2025-11-05,Veg Sausage Bap,0,0,0,0
2025-11-05,Vegan Breakfast,1,1,0,0
2025-11-05,Vegan Sausage,0,0,0,0
2025-11-05,Veggie Bap,1,0,1,1
2025-11-05,Veggie Breakfast,1,0,1,1
2025-11-05,White Toast Bread,30,16,14,14
2025-11-06,Avo & Hal Muffin,0,0,0,0
2025-11-06,"Avo, Egg & Bacon",3,2,1,1
2025-11-06,"Avo, Feta & Tom",2,2,0,0
2025-11-06,Avocado on Toast,2,5,-3,3
2025-11-06,Bacon,5,2,3,3
2025-11-06,Bacon Bap,16,22,-6,6
2025-11-06,Bacon Egg Brioch,2,2,0,0
2025-11-06,Bacon Waffle,3,2,1,1
2025-11-06,Baked Beans,5,5,0,0
2025-11-06,Baked Beans JP,0,0,0,0
2025-11-06,Bakery,62,70,-8,8
2025-11-06,Bean Soldiers,1,0,1,1
2025-11-06,Big Breakfast,14,13,1,1
2025-11-06,Black Pudding,1,1,0,0
2025-11-06,Breakfast Hash,1,0,1,1
2025-11-06,Breakfast Muffin,2,3,-1,1
2025-11-06,Breakfast Wrap,0,0,0,0
2025-11-06,Brown Toast Bread,9,9,0,0
2025-11-06,Buttd Mushrooms,2,2,0,0
2025-11-06,Cheese & Bean JP,2,0,2,2
2025-11-06,Cheese JP,0,1,-1,1
2025-11-06,Chick Flatbread,2,1,1,1
2025-11-06,Chicken Club,3,4,-1,1
2025-11-06,Chilli Carne JP,2,1,1,1
2025-11-06,Egg Bacon Brioch,0,0,0,0
2025-11-06,Egg Bap,1,3,-2,2
2025-11-06,Extra Beans,2,0,2,2
2025-11-06,F.Eggs on Toast,2,0,2,2
2025-11-06,Festive Stack,0,0,0,0
2025-11-06,Fried Egg,8,3,5,5
2025-11-06,Hash Brown,2,2,0,0
2025-11-06,Hash Brown Bites,0,0,0,0
2025-11-06,Little Avo Toast,0,0,0,0
2025-11-06,Little Bean Toas,0,0,0,0
2025-11-06,Little Egg Toast,0,0,0,0
2025-11-06,Ltle Bfast Bacon,0,0,0,0
2025-11-06,Ltle Bfast Saus,2,1,1,1
2025-11-06,Mini Hash Browns,2,3,-1,1
2025-11-06,Multiseed Toast Bread,3,5,-2,2
2025-11-06,P.Eggs on Toast,7,8,-1,1
2025-11-06,Poached Egg,5,6,-1,1
2025-11-06,Porridge,0,1,-1,1
2025-11-06,Posh Beans,1,1,0,0
2025-11-06,S.Eggs on Toast,3,6,-3,3
2025-11-06,Sausage,6,3,3,3
2025-11-06,Sausage Bap,12,8,4,4
2025-11-06,Scrambled Egg,1,6,-5,5
2025-11-06,Sourdough Toast Bread,1,0,1,1
2025-11-06,Streaky Bacon,0,1,-1,1
2025-11-06,Tattie Scone,1,6,-5,5
2025-11-06,The Breakfast,25,22,3,3
2025-11-06,Toasted Teacake,15,11,4,4
2025-11-06,Tuna JP,3,1,2,2
2025-11-06,Tuna Mayo Mix,0,0,0,0
2025-11-06,Tuna Melt Panini,0,0,0,0
2025-11-06,Tuna Panini,0,0,0,0
2025-11-06,Tuna Toastie,3,1,2,2
2025-11-06,Veg Sausage Bap,0,0,0,0
2025-11-06,Vegan Breakfast,1,1,0,0
2025-11-06,Vegan Sausage,0,0,0,0
2025-11-06,Veggie Bap,1,0,1,1
2025-11-06,Veggie Breakfast,1,2,-1,1
2025-11-06,White Toast Bread,28,29,-1,1
2025-11-07,Avo & Hal Muffin,0,0,0,0
2025-11-07,"Avo, Egg & Bacon",3,6,-3,3
2025-11-07,"Avo, Feta & Tom",2,4,-2,2
2025-11-07,Avocado on Toast,2,1,1,1
2025-11-07,Bacon,7,6,1,1
2025-11-07,Bacon Bap,17,18,-1,1
2025-11-07,Bacon Egg Brioch,3,3,0,0
2025-11-07,Bacon Waffle,3,5,-2,2
2025-11-07,Baked Beans,4,9,-5,5
2025-11-07,Baked Beans JP,0,0,0,0
2025-11-07,Bakery,61,74,-13,13
2025-11-07,Bean Soldiers,1,1,0,0
2025-11-07,Big Breakfast,16,13,3,3
2025-11-07,Black Pudding,2,2,0,0
2025-11-07,Breakfast Hash,1,0,1,1
2025-11-07,Breakfast Muffin,3,7,-4,4
2025-11-07,Breakfast Wrap,0,0,0,0
2025-11-07,Brown Toast Bread,9,7,2,2
2025-11-07,Buttd Mushrooms,2,3,-1,1
2025-11-07,Cheese & Bean JP,2,1,1,1
2025-11-07,Cheese JP,0,0,0,0
2025-11-07,Chick Flatbread,2,2,0,0
2025-11-07,Chicken Club,3,5,-2,2
2025-11-07,Chilli Carne JP,2,1,1,1
2025-11-07,Egg Bacon Brioch,0,0,0,0
2025-11-07,Egg Bap,1,2,-1,1
2025-11-07,Extra Beans,2,0,2,2
2025-11-07,F.Eggs on Toast,2,0,2,2
2025-11-07,Festive Stack,0,0,0,0
2025-11-07,Fried Egg,9,11,-2,2
2025-11-07,Hash Brown,3,5,-2,2
2025-11-07,Hash Brown Bites,0,0,0,0
2025-11-07,Little Avo Toast,0,0,0,0
2025-11-07,Little Bean Toas,0,0,0,0
2025-11-07,Little Egg Toast,0,0,0,0
2025-11-07,Ltle Bfast Bacon,0,0,0,0
2025-11-07,Ltle Bfast Saus,2,4,-2,2
2025-11-07,Mini Hash Browns,3,0,3,3
2025-11-07,Multiseed Toast Bread,3,0,3,3
2025-11-07,P.Eggs on Toast,6,3,3,3
2025-11-07,Poached Egg,4,3,1,1
2025-11-07,Porridge,0,0,0,0
2025-11-07,Posh Beans,1,3,-2,2
2025-11-07,S.Eggs on Toast,3,4,-1,1
2025-11-07,Sausage,9,12,-3,3
2025-11-07,Sausage Bap,10,7,3,3
2025-11-07,Scrambled Egg,1,1,0,0
2025-11-07,Sourdough Toast Bread,1,1,0,0
2025-11-07,Streaky Bacon,0,0,0,0
2025-11-07,Tattie Scone,2,3,-1,1
2025-11-07,The Breakfast,35,46,-11,11
2025-11-07,Toasted Teacake,15,10,5,5
2025-11-07,Tuna JP,3,0,3,3
2025-11-07,Tuna Mayo Mix,0,0,0,0
2025-11-07,Tuna Melt Panini,0,0,0,0
2025-11-07,Tuna Panini,0,0,0,0
2025-11-07,Tuna Toastie,3,3,0,0
2025-11-07,Veg Sausage Bap,0,0,0,0
2025-11-07,Vegan Breakfast,1,0,1,1
2025-11-07,Vegan Sausage,0,0,0,0
2025-11-07,Veggie Bap,0,0,0,0
2025-11-07,Veggie Breakfast,2,5,-3,3
2025-11-07,White Toast Bread,37,31,6,6
2025-11-08,Avo & Hal Muffin,0,0,0,0
2025-11-08,"Avo, Egg & Bacon",4,9,-5,5
2025-11-08,"Avo, Feta & Tom",4,5,-1,1
2025-11-08,Avocado on Toast,3,5,-2,2
2025-11-08,Bacon,10,6,4,4
2025-11-08,Bacon Bap,20,20,0,0
2025-11-08,Bacon Egg Brioch,3,3,0,0
2025-11-08,Bacon Waffle,4,1,3,3
2025-11-08,Baked Beans,5,5,0,0
2025-11-08,Baked Beans JP,0,1,-1,1
2025-11-08,Bakery,70,57,13,13
2025-11-08,Bean Soldiers,1,2,-1,1
2025-11-08,Big Breakfast,27,28,-1,1
2025-11-08,Black Pudding,3,6,-3,3
2025-11-08,Breakfast Hash,1,1,0,0
2025-11-08,Breakfast Muffin,4,4,0,0
2025-11-08,Breakfast Wrap,0,0,0,0
2025-11-08,Brown Toast Bread,9,6,3,3
2025-11-08,Buttd Mushrooms,3,1,2,2
2025-11-08,Cheese & Bean JP,2,1,1,1
2025-11-08,Cheese JP,0,0,0,0
2025-11-08,Chick Flatbread,3,3,0,0
2025-11-08,Chicken Club,4,7,-3,3
2025-11-08,Chilli Carne JP,2,0,2,2
2025-11-08,Egg Bacon Brioch,0,0,0,0
2025-11-08,Egg Bap,2,1,1,1
2025-11-08,Extra Beans,2,0,2,2
2025-11-08,F.Eggs on Toast,2,1,1,1
2025-11-08,Festive Stack,0,0,0,0
2025-11-08,Fried Egg,10,12,-2,2
2025-11-08,Hash Brown,4,3,1,1
2025-11-08,Hash Brown Bites,0,0,0,0
2025-11-08,Little Avo Toast,0,0,0,0
2025-11-08,Little Bean Toas,0,0,0,0
2025-11-08,Little Egg Toast,0,0,0,0
2025-11-08,Ltle Bfast Bacon,1,1,0,0
2025-11-08,Ltle Bfast Saus,3,0,3,3
2025-11-08,Mini Hash Browns,3,2,1,1
2025-11-08,Multiseed Toast Bread,3,2,1,1
2025-11-08,P.Eggs on Toast,5,6,-1,1
2025-11-08,Poached Egg,5,7,-2,2
2025-11-08,Porridge,0,0,0,0
2025-11-08,Posh Beans,2,2,0,0
2025-11-08,S.Eggs on Toast,3,1,2,2
2025-11-08,Sausage,12,12,0,0
2025-11-08,Sausage Bap,17,22,-5,5
2025-11-08,Scrambled Egg,2,1,1,1
2025-11-08,Sourdough Toast Bread,1,2,-1,1
2025-11-08,Streaky Bacon,0,0,0,0
2025-11-08,Tattie Scone,3,2,1,1
2025-11-08,The Breakfast,53,45,8,8
2025-11-08,Toasted Teacake,13,9,4,4
2025-11-08,Tuna JP,3,2,1,1
2025-11-08,Tuna Mayo Mix,0,0,0,0
2025-11-08,Tuna Melt Panini,0,0,0,0
2025-11-08,Tuna Panini,0,0,0,0
2025-11-08,Tuna Toastie,3,1,2,2
2025-11-08,Veg Sausage Bap,0,0,0,0
2025-11-08,Vegan Breakfast,1,2,-1,1
2025-11-08,Vegan Sausage,0,0,0,0
2025-11-08,Veggie Bap,1,0,1,1
2025-11-08,Veggie Breakfast,3,2,1,1
2025-11-08,White Toast Bread,47,31,16,16
2025-11-09,Avo & Hal Muffin,0,0,0,0
2025-11-09,"Avo, Egg & Bacon",3,1,2,2
2025-11-09,"Avo, Feta & Tom",3,4,-1,1
2025-11-09,Avocado on Toast,2,3,-1,1
2025-11-09,Bacon,9,11,-2,2
2025-11-09,Bacon Bap,17,12,5,5
2025-11-09,Bacon Egg Brioch,3,3,0,0
2025-11-09,Bacon Waffle,4,3,1,1
2025-11-09,Baked Beans,6,7,-1,1
2025-11-09,Baked Beans JP,0,1,-1,1
2025-11-09,Bakery,65,66,-1,1
2025-11-09,Bean Soldiers,1,0,1,1
2025-11-09,Big Breakfast,29,20,9,9
2025-11-09,Black Pudding,3,1,2,2
2025-11-09,Breakfast Hash,1,1,0,0
2025-11-09,Breakfast Muffin,4,4,0,0
2025-11-09,Breakfast Wrap,0,0,0,0
2025-11-09,Brown Toast Bread,8,12,-4,4
2025-11-09,Buttd Mushrooms,3,4,-1,1
2025-11-09,Cheese & Bean JP,2,2,0,0
2025-11-09,Cheese JP,0,0,0,0
2025-11-09,Chick Flatbread,2,2,0,0
2025-11-09,Chicken Club,4,1,3,3
2025-11-09,Chilli Carne JP,2,2,0,0
2025-11-09,Egg Bacon Brioch,0,0,0,0
2025-11-09,Egg Bap,1,1,0,0
2025-11-09,Extra Beans,2,0,2,2
2025-11-09,F.Eggs on Toast,2,4,-2,2
2025-11-09,Festive Stack,0,0,0,0
2025-11-09,Fried Egg,10,7,3,3
2025-11-09,Hash Brown,4,5,-1,1
2025-11-09,Hash Brown Bites,0,0,0,0
2025-11-09,Little Avo Toast,0,0,0,0
2025-11-09,Little Bean Toas,0,0,0,0
2025-11-09,Little Egg Toast,0,0,0,0
2025-11-09,Ltle Bfast Bacon,1,1,0,0
2025-11-09,Ltle Bfast Saus,3,4,-1,1
2025-11-09,Mini Hash Browns,3,2,1,1
2025-11-09,Multiseed Toast Bread,2,6,-4,4
2025-11-09,P.Eggs on Toast,5,7,-2,2
2025-11-09,Poached Egg,4,11,-7,7
2025-11-09,Porridge,0,1,-1,1
2025-11-09,Posh Beans,1,0,1,1
2025-11-09,S.Eggs on Toast,3,5,-2,2
2025-11-09,Sausage,13,13,0,0
2025-11-09,Sausage Bap,11,13,-2,2
2025-11-09,Scrambled Egg,2,3,-1,1
2025-11-09,Sourdough Toast Bread,1,1,0,0
2025-11-09,Streaky Bacon,0,0,0,0
2025-11-09,Tattie Scone,3,6,-3,3
2025-11-09,The Breakfast,43,44,-1,1
2025-11-09,Toasted Teacake,12,3,9,9
2025-11-09,Tuna JP,3,4,-1,1
2025-11-09,Tuna Mayo Mix,0,0,0,0
2025-11-09,Tuna Melt Panini,0,0,0,0
2025-11-09,Tuna Panini,0,0,0,0
2025-11-09,Tuna Toastie,3,2,1,1
2025-11-09,Veg Sausage Bap,0,0,0,0
2025-11-09,Vegan Breakfast,1,1,0,0
2025-11-09,Vegan Sausage,0,0,0,0
2025-11-09,Veggie Bap,1,0,1,1
2025-11-09,Veggie Breakfast,3,2,1,1
2025-11-09,White Toast Bread,41,50,-9,9
2025-11-10,Avo & Hal Muffin,0,0,0,0
2025-11-10,"Avo, Egg & Bacon",3,0,3,3
2025-11-10,"Avo, Feta & Tom",2,7,-5,5
2025-11-10,Avocado on Toast,2,1,1,1
2025-11-10,Bacon,5,1,4,4
2025-11-10,Bacon Bap,15,5,10,10
2025-11-10,Bacon Egg Brioch,2,2,0,0
2025-11-10,Bacon Waffle,2,0,2,2
2025-11-10,Baked Beans,4,1,3,3
2025-11-10,Baked Beans JP,0,0,0,0
2025-11-10,Bakery,53,41,12,12
2025-11-10,Bean Soldiers,1,1,0,0
2025-11-10,Big Breakfast,15,11,4,4
2025-11-10,Black Pudding,1,0,1,1
2025-11-10,Breakfast Hash,1,0,1,1
2025-11-10,Breakfast Muffin,3,5,-2,2
2025-11-10,Breakfast Wrap,0,0,0,0
2025-11-10,Brown Toast Bread,6,9,-3,3
2025-11-10,Buttd Mushrooms,2,1,1,1
2025-11-10,Cheese & Bean JP,1,1,0,0
2025-11-10,Cheese JP,0,1,-1,1
2025-11-10,Chick Flatbread,2,0,2,2
2025-11-10,Chicken Club,3,1,2,2
2025-11-10,Chilli Carne JP,1,2,-1,1
2025-11-10,Egg Bacon Brioch,0,0,0,0
2025-11-10,Egg Bap,1,1,0,0
2025-11-10,Extra Beans,2,0,2,2
2025-11-10,F.Eggs on Toast,1,0,1,1
2025-11-10,Festive Stack,0,0,0,0
2025-11-10,Fried Egg,6,2,4,4
2025-11-10,Hash Brown,2,0,2,2
2025-11-10,Hash Brown Bites,0,0,0,0
2025-11-10,Little Avo Toast,0,0,0,0
2025-11-10,Little Bean Toas,0,0,0,0
2025-11-10,Little Egg Toast,0,0,0,0
2025-11-10,Ltle Bfast Bacon,0,0,0,0
2025-11-10,Ltle Bfast Saus,2,2,0,0
2025-11-10,Mini Hash Browns,2,1,1,1
2025-11-10,Multiseed Toast Bread,3,3,0,0
2025-11-10,P.Eggs on Toast,5,7,-2,2
2025-11-10,Poached Egg,2,0,2,2
2025-11-10,Porridge,0,0,0,0
2025-11-10,Posh Beans,1,2,-1,1
2025-11-10,S.Eggs on Toast,3,1,2,2
2025-11-10,Sausage,6,4,2,2
2025-11-10,Sausage Bap,9,6,3,3
2025-11-10,Scrambled Egg,1,0,1,1
2025-11-10,Sourdough Toast Bread,1,2,-1,1
2025-11-10,Streaky Bacon,0,0,0,0
2025-11-10,Tattie Scone,1,0,1,1
2025-11-10,The Breakfast,25,26,-1,1
2025-11-10,Toasted Teacake,15,8,7,7
2025-11-10,Tuna JP,2,3,-1,1
2025-11-10,Tuna Mayo Mix,0,0,0,0
2025-11-10,Tuna Melt Panini,0,0,0,0
2025-11-10,Tuna Panini,0,0,0,0
2025-11-10,Tuna Toastie,2,2,0,0
2025-11-10,Veg Sausage Bap,0,0,0,0
2025-11-10,Vegan Breakfast,1,0,1,1
2025-11-10,Vegan Sausage,0,0,0,0
2025-11-10,Veggie Bap,0,0,0,0
2025-11-10,Veggie Breakfast,2,1,1,1
2025-11-10,White Toast Bread,27,28,-1,1
2025-11-11,Avo & Hal Muffin,0,0,0,0
2025-11-11,"Avo, Egg & Bacon",2,1,1,1
2025-11-11,"Avo, Feta & Tom",2,2,0,0
2025-11-11,Avocado on Toast,2,3,-1,1
2025-11-11,Bacon,5,4,1,1
2025-11-11,Bacon Bap,16,14,2,2
2025-11-11,Bacon Egg Brioch,2,2,0,0
2025-11-11,Bacon Waffle,2,0,2,2
2025-11-11,Baked Beans,4,7,-3,3
2025-11-11,Baked Beans JP,0,0,0,0
2025-11-11,Bakery,54,52,2,2
2025-11-11,Bean Soldiers,1,1,0,0
2025-11-11,Big Breakfast,12,10,2,2
2025-11-11,Black Pudding,1,2,-1,1
2025-11-11,Breakfast Hash,1,1,0,0
2025-11-11,Breakfast Muffin,2,1,1,1
2025-11-11,Breakfast Wrap,0,0,0,0
2025-11-11,Brown Toast Bread,6,9,-3,3
2025-11-11,Buttd Mushrooms,2,1,1,1
2025-11-11,Cheese & Bean JP,1,1,0,0
2025-11-11,Cheese JP,0,2,-2,2
2025-11-11,Chick Flatbread,2,1,1,1
2025-11-11,Chicken Club,3,4,-1,1
2025-11-11,Chilli Carne JP,1,1,0,0
2025-11-11,Egg Bacon Brioch,0,0,0,0
2025-11-11,Egg Bap,1,2,-1,1
2025-11-11,Extra Beans,2,0,2,2
2025-11-11,F.Eggs on Toast,1,0,1,1
2025-11-11,Festive Stack,0,0,0,0
2025-11-11,Fried Egg,7,11,-4,4
2025-11-11,Hash Brown,2,4,-2,2
2025-11-11,Hash Brown Bites,0,0,0,0
2025-11-11,Little Avo Toast,0,0,0,0
2025-11-11,Little Bean Toas,0,0,0,0
2025-11-11,Little Egg Toast,0,0,0,0
2025-11-11,Ltle Bfast Bacon,1,0,1,1
2025-11-11,Ltle Bfast Saus,2,0,2,2
2025-11-11,Mini Hash Browns,2,1,1,1
2025-11-11,Multiseed Toast Bread,2,1,1,1
2025-11-11,P.Eggs on Toast,4,6,-2,2
2025-11-11,Poached Egg,2,2,0,0
2025-11-11,Porridge,0,0,0,0
2025-11-11,Posh Beans,1,0,1,1
2025-11-11,S.Eggs on Toast,2,5,-3,3
2025-11-11,Sausage,5,4,1,1
2025-11-11,Sausage Bap,10,7,3,3
2025-11-11,Scrambled Egg,1,3,-2,2
2025-11-11,Sourdough Toast Bread,1,1,0,0
2025-11-11,Streaky Bacon,0,0,0,0
2025-11-11,Tattie Scone,1,0,1,1
2025-11-11,The Breakfast,24,26,-2,2
2025-11-11,Toasted Teacake,17,13,4,4
2025-11-11,Tuna JP,2,3,-1,1
2025-11-11,Tuna Mayo Mix,0,0,0,0
2025-11-11,Tuna Melt Panini,0,0,0,0
2025-11-11,Tuna Panini,0,0,0,0
2025-11-11,Tuna Toastie,2,8,-6,6
2025-11-11,Veg Sausage Bap,0,0,0,0
2025-11-11,Vegan Breakfast,1,0,1,1
2025-11-11,Vegan Sausage,0,0,0,0
2025-11-11,Veggie Bap,0,0,0,0
2025-11-11,Veggie Breakfast,2,0,2,2
2025-11-11,White Toast Bread,22,28,-6,6
2025-11-12,Avo & Hal Muffin,0,0,0,0
2025-11-12,"Avo, Egg & Bacon",2,3,-1,1
2025-11-12,"Avo, Feta & Tom",2,2,0,0
2025-11-12,Avocado on Toast,2,1,1,1
2025-11-12,Bacon,5,4,1,1
2025-11-12,Bacon Bap,16,12,4,4
2025-11-12,Bacon Egg Brioch,2,0,2,2
2025-11-12,Bacon Waffle,2,2,0,0
2025-11-12,Baked Beans,5,5,0,0
2025-11-12,Baked Beans JP,0,0,0,0
2025-11-12,Bakery,52,65,-13,13
2025-11-12,Bean Soldiers,1,1,0,0
2025-11-12,Big Breakfast,13,10,3,3
2025-11-12,Black Pudding,1,1,0,0
2025-11-12,Breakfast Hash,1,1,0,0
2025-11-12,Breakfast Muffin,3,6,-3,3
2025-11-12,Breakfast Wrap,0,0,0,0
2025-11-12,Brown Toast Bread,7,6,1,1
2025-11-12,Buttd Mushrooms,2,1,1,1
2025-11-12,Cheese & Bean JP,1,0,1,1
2025-11-12,Cheese JP,0,0,0,0
2025-11-12,Chick Flatbread,2,0,2,2
2025-11-12,Chicken Club,3,0,3,3
2025-11-12,Chilli Carne JP,1,3,-2,2
2025-11-12,Egg Bacon Brioch,0,0,0,0
2025-11-12,Egg Bap,1,0,1,1
2025-11-12,Extra Beans,2,0,2,2
2025-11-12,F.Eggs on Toast,1,2,-1,1
2025-11-12,Festive Stack,0,7,-7,7
2025-11-12,Fried Egg,8,9,-1,1
2025-11-12,Hash Brown,2,4,-2,2
2025-11-12,Hash Brown Bites,0,0,0,0
2025-11-12,Little Avo Toast,0,0,0,0
2025-11-12,Little Bean Toas,0,0,0,0
2025-11-12,Little Egg Toast,0,0,0,0
2025-11-12,Ltle Bfast Bacon,0,2,-2,2
2025-11-12,Ltle Bfast Saus,2,1,1,1
2025-11-12,Mini Hash Browns,2,1,1,1
2025-11-12,Multiseed Toast Bread,3,4,-1,1
2025-11-12,P.Eggs on Toast,5,6,-1,1
2025-11-12,Poached Egg,3,1,2,2
2025-11-12,Porridge,0,0,0,0
2025-11-12,Posh Beans,1,1,0,0
2025-11-12,S.Eggs on Toast,3,0,3,3
2025-11-12,Sausage,6,2,4,4
2025-11-12,Sausage Bap,10,8,2,2
2025-11-12,Scrambled Egg,1,0,1,1
2025-11-12,Sourdough Toast Bread,1,0,1,1
2025-11-12,Streaky Bacon,0,0,0,0
2025-11-12,Tattie Scone,1,1,0,0
2025-11-12,The Breakfast,25,38,-13,13
2025-11-12,Toasted Teacake,17,6,11,11
2025-11-12,Tuna JP,3,4,-1,1
2025-11-12,Tuna Mayo Mix,0,0,0,0
2025-11-12,Tuna Melt Panini,0,0,0,0
2025-11-12,Tuna Panini,0,0,0,0
2025-11-12,Tuna Toastie,2,4,-2,2
2025-11-12,Veg Sausage Bap,0,0,0,0
2025-11-12,Vegan Breakfast,1,1,0,0
2025-11-12,Vegan Sausage,0,0,0,0
2025-11-12,Veggie Bap,0,1,-1,1
2025-11-12,Veggie Breakfast,1,1,0,0
2025-11-12,White Toast Bread,25,26,-1,1
2025-11-13,Avo & Hal Muffin,0,0,0,0
2025-11-13,"Avo, Egg & Bacon",3,2,1,1
2025-11-13,"Avo, Feta & Tom",2,1,1,1
2025-11-13,Avocado on Toast,2,1,1,1
2025-11-13,Bacon,6,8,-2,2
2025-11-13,Bacon Bap,18,9,9,9
2025-11-13,Bacon Egg Brioch,2,3,-1,1
2025-11-13,Bacon Waffle,3,1,2,2
2025-11-13,Baked Beans,4,2,2,2
2025-11-13,Baked Beans JP,0,0,0,0
2025-11-13,Bakery,61,52,9,9
2025-11-13,Bean Soldiers,1,0,1,1
2025-11-13,Big Breakfast,14,12,2,2
2025-11-13,Black Pudding,1,5,-4,4
2025-11-13,Breakfast Hash,1,0,1,1
2025-11-13,Breakfast Muffin,3,2,1,1
2025-11-13,Breakfast Wrap,0,0,0,0
2025-11-13,Brown Toast Bread,9,10,-1,1
2025-11-13,Buttd Mushrooms,2,1,1,1
2025-11-13,Cheese & Bean JP,1,2,-1,1
2025-11-13,Cheese JP,0,0,0,0
2025-11-13,Chick Flatbread,2,0,2,2
2025-11-13,Chicken Club,3,0,3,3
2025-11-13,Chilli Carne JP,2,0,2,2
2025-11-13,Egg Bacon Brioch,0,0,0,0
2025-11-13,Egg Bap,1,4,-3,3
2025-11-13,Extra Beans,2,0,2,2
2025-11-13,F.Eggs on Toast,2,2,0,0
2025-11-13,Festive Stack,0,5,-5,5
2025-11-13,Fried Egg,10,9,1,1
2025-11-13,Hash Brown,3,5,-2,2
2025-11-13,Hash Brown Bites,0,0,0,0
2025-11-13,Little Avo Toast,0,0,0,0
2025-11-13,Little Bean Toas,0,0,0,0
2025-11-13,Little Egg Toast,0,0,0,0
2025-11-13,Ltle Bfast Bacon,0,0,0,0
2025-11-13,Ltle Bfast Saus,2,1,1,1
2025-11-13,Mini Hash Browns,3,3,0,0
2025-11-13,Multiseed Toast Bread,3,4,-1,1
2025-11-13,P.Eggs on Toast,7,8,-1,1
2025-11-13,Poached Egg,5,3,2,2
2025-11-13,Porridge,0,0,0,0
2025-11-13,Posh Beans,1,3,-2,2
2025-11-13,S.Eggs on Toast,3,3,0,0
2025-11-13,Sausage,6,11,-5,5
2025-11-13,Sausage Bap,11,7,4,4
2025-11-13,Scrambled Egg,1,0,1,1
2025-11-13,Sourdough Toast Bread,1,1,0,0
2025-11-13,Streaky Bacon,0,1,-1,1
2025-11-13,Tattie Scone,2,2,0,0
2025-11-13,The Breakfast,23,27,-4,4
2025-11-13,Toasted Teacake,19,12,7,7
2025-11-13,Tuna JP,3,1,2,2
2025-11-13,Tuna Mayo Mix,0,0,0,0
2025-11-13,Tuna Melt Panini,0,0,0,0
2025-11-13,Tuna Panini,0,0,0,0
2025-11-13,Tuna Toastie,3,2,1,1
2025-11-13,Veg Sausage Bap,0,0,0,0
2025-11-13,Vegan Breakfast,1,1,0,0
2025-11-13,Vegan Sausage,0,0,0,0
2025-11-13,Veggie Bap,1,0,1,1
2025-11-13,Veggie Breakfast,2,5,-3,3
2025-11-13,White Toast Bread,27,19,8,8
2025-11-14,Avo & Hal Muffin,0,0,0,0
2025-11-14,"Avo, Egg & Bacon",3,5,-2,2
2025-11-14,"Avo, Feta & Tom",3,3,0,0
2025-11-14,Avocado on Toast,3,3,0,0
2025-11-14,Bacon,7,12,-5,5
2025-11-14,Bacon Bap,20,17,3,3
2025-11-14,Bacon Egg Brioch,2,0,2,2
2025-11-14,Bacon Waffle,3,4,-1,1
2025-11-14,Baked Beans,5,5,0,0
2025-11-14,Baked Beans JP,0,0,0,0
2025-11-14,Bakery,65,62,3,3
2025-11-14,Bean Soldiers,1,0,1,1
2025-11-14,Big Breakfast,17,16,1,1
2025-11-14,Black Pudding,2,1,1,1
2025-11-14,Breakfast Hash,1,2,-1,1
2025-11-14,Breakfast Muffin,3,6,-3,3
2025-11-14,Breakfast Wrap,0,0,0,0
2025-11-14,Brown Toast Bread,8,13,-5,5
2025-11-14,Buttd Mushrooms,2,5,-3,3
2025-11-14,Cheese & Bean JP,1,2,-1,1
2025-11-14,Cheese JP,0,0,0,0
2025-11-14,Chick Flatbread,2,0,2,2
2025-11-14,Chicken Club,3,0,3,3
2025-11-14,Chilli Carne JP,2,2,0,0
2025-11-14,Egg Bacon Brioch,0,0,0,0
2025-11-14,Egg Bap,1,0,1,1
2025-11-14,Extra Beans,2,0,2,2
2025-11-14,F.Eggs on Toast,2,2,0,0
2025-11-14,Festive Stack,0,8,-8,8
2025-11-14,Fried Egg,11,14,-3,3
2025-11-14,Hash Brown,3,2,1,1
2025-11-14,Hash Brown Bites,0,0,0,0
2025-11-14,Little Avo Toast,0,0,0,0
2025-11-14,Little Bean Toas,0,0,0,0
2025-11-14,Little Egg Toast,0,0,0,0
2025-11-14,Ltle Bfast Bacon,0,0,0,0
2025-11-14,Ltle Bfast Saus,2,3,-1,1
2025-11-14,Mini Hash Browns,3,1,2,2
2025-11-14,Multiseed Toast Bread,3,1,2,2
2025-11-14,P.Eggs on Toast,6,7,-1,1
2025-11-14,Poached Egg,3,2,1,1
2025-11-14,Porridge,0,1,-1,1
2025-11-14,Posh Beans,1,1,0,0
2025-11-14,S.Eggs on Toast,3,5,-2,2
2025-11-14,Sausage,7,1,6,6
2025-11-14,Sausage Bap,11,15,-4,4
2025-11-14,Scrambled Egg,2,3,-1,1
2025-11-14,Sourdough Toast Bread,1,0,1,1
2025-11-14,Streaky Bacon,0,0,0,0
2025-11-14,Tattie Scone,2,2,0,0
2025-11-14,The Breakfast,36,32,4,4
2025-11-14,Toasted Teacake,19,11,8,8
2025-11-14,Tuna JP,3,1,2,2
2025-11-14,Tuna Mayo Mix,0,0,0,0
2025-11-14,Tuna Melt Panini,0,0,0,0
2025-11-14,Tuna Panini,0,0,0,0
2025-11-14,Tuna Toastie,3,4,-1,1
2025-11-14,Veg Sausage Bap,0,0,0,0
2025-11-14,Vegan Breakfast,1,0,1,1
2025-11-14,Vegan Sausage,0,0,0,0
2025-11-14,Veggie Bap,0,1,-1,1
2025-11-14,Veggie Breakfast,2,1,1,1
2025-11-14,White Toast Bread,36,30,6,6
2025-11-15,Avo & Hal Muffin,0,0,0,0
2025-11-15,"Avo, Egg & Bacon",4,6,-2,2
2025-11-15,"Avo, Feta & Tom",3,3,0,0
2025-11-15,Avocado on Toast,3,4,-1,1
2025-11-15,Bacon,8,6,2,2
2025-11-15,Bacon Bap,24,10,14,14
2025-11-15,Bacon Egg Brioch,3,3,0,0
2025-11-15,Bacon Waffle,4,2,2,2
2025-11-15,Baked Beans,5,4,1,1
2025-11-15,Baked Beans JP,0,0,0,0
2025-11-15,Bakery,69,60,9,9
2025-11-15,Bean Soldiers,1,0,1,1
2025-11-15,Big Breakfast,26,24,2,2
2025-11-15,Black Pudding,3,3,0,0
2025-11-15,Breakfast Hash,1,1,0,0
2025-11-15,Breakfast Muffin,5,9,-4,4
2025-11-15,Breakfast Wrap,0,0,0,0
2025-11-15,Brown Toast Bread,8,6,2,2
2025-11-15,Buttd Mushrooms,3,3,0,0
2025-11-15,Cheese & Bean JP,2,1,1,1
2025-11-15,Cheese JP,0,0,0,0
2025-11-15,Chick Flatbread,3,0,3,3
2025-11-15,Chicken Club,5,0,5,5
2025-11-15,Chilli Carne JP,2,3,-1,1
2025-11-15,Egg Bacon Brioch,0,0,0,0
2025-11-15,Egg Bap,2,6,-4,4
2025-11-15,Extra Beans,3,0,3,3
2025-11-15,F.Eggs on Toast,2,6,-4,4
2025-11-15,Festive Stack,0,6,-6,6
2025-11-15,Fried Egg,12,11,1,1
2025-11-15,Hash Brown,5,3,2,2
2025-11-15,Hash Brown Bites,0,0,0,0
2025-11-15,Little Avo Toast,0,0,0,0
2025-11-15,Little Bean Toas,0,0,0,0
2025-11-15,Little Egg Toast,0,0,0,0
2025-11-15,Ltle Bfast Bacon,1,2,-1,1
2025-11-15,Ltle Bfast Saus,3,2,1,1
2025-11-15,Mini Hash Browns,3,3,0,0
2025-11-15,Multiseed Toast Bread,3,4,-1,1
2025-11-15,P.Eggs on Toast,5,4,1,1
2025-11-15,Poached Egg,4,1,3,3
2025-11-15,Porridge,0,1,-1,1
2025-11-15,Posh Beans,2,0,2,2
2025-11-15,S.Eggs on Toast,4,5,-1,1
2025-11-15,Sausage,13,8,5,5
2025-11-15,Sausage Bap,16,18,-2,2
2025-11-15,Scrambled Egg,2,0,2,2
2025-11-15,Sourdough Toast Bread,1,1,0,0
2025-11-15,Streaky Bacon,0,0,0,0
2025-11-15,Tattie Scone,3,3,0,0
2025-11-15,The Breakfast,49,53,-4,4
2025-11-15,Toasted Teacake,16,7,9,9
2025-11-15,Tuna JP,3,7,-4,4
2025-11-15,Tuna Mayo Mix,0,0,0,0
2025-11-15,Tuna Melt Panini,0,0,0,0
2025-11-15,Tuna Panini,0,0,0,0
2025-11-15,Tuna Toastie,3,0,3,3
2025-11-15,Veg Sausage Bap,0,0,0,0
2025-11-15,Vegan Breakfast,1,1,0,0
2025-11-15,Vegan Sausage,0,0,0,0
2025-11-15,Veggie Bap,1,1,0,0
2025-11-15,Veggie Breakfast,3,6,-3,3
2025-11-15,White Toast Bread,48,41,7,7
2025-11-16,Avo & Hal Muffin,0,0,0,0
2025-11-16,"Avo, Egg & Bacon",3,5,-2,2
2025-11-16,"Avo, Feta & Tom",3,2,1,1
2025-11-16,Avocado on Toast,3,1,2,2
2025-11-16,Bacon,7,5,2,2
2025-11-16,Bacon Bap,18,14,4,4
2025-11-16,Bacon Egg Brioch,3,6,-3,3
2025-11-16,Bacon Waffle,4,4,0,0
2025-11-16,Baked Beans,6,8,-2,2
2025-11-16,Baked Beans JP,0,1,-1,1
2025-11-16,Bakery,62,57,5,5
2025-11-16,Bean Soldiers,1,0,1,1
2025-11-16,Big Breakfast,26,27,-1,1
2025-11-16,Black Pudding,4,1,3,3
2025-11-16,Breakfast Hash,1,2,-1,1
2025-11-16,Breakfast Muffin,4,4,0,0
2025-11-16,Breakfast Wrap,0,0,0,0
2025-11-16,Brown Toast Bread,9,8,1,1
2025-11-16,Buttd Mushrooms,3,3,0,0
2025-11-16,Cheese & Bean JP,2,1,1,1
2025-11-16,Cheese JP,0,0,0,0
2025-11-16,Chick Flatbread,2,0,2,2
2025-11-16,Chicken Club,4,0,4,4
2025-11-16,Chilli Carne JP,2,4,-2,2
2025-11-16,Egg Bacon Brioch,0,0,0,0
2025-11-16,Egg Bap,2,2,0,0
2025-11-16,Extra Beans,3,0,3,3
2025-11-16,F.Eggs on Toast,2,0,2,2
2025-11-16,Festive Stack,0,7,-7,7
2025-11-16,Fried Egg,10,15,-5,5
2025-11-16,Hash Brown,4,3,1,1
2025-11-16,Hash Brown Bites,0,0,0,0
2025-11-16,Little Avo Toast,0,0,0,0
2025-11-16,Little Bean Toas,0,0,0,0
2025-11-16,Little Egg Toast,0,0,0,0
2025-11-16,Ltle Bfast Bacon,1,1,0,0
2025-11-16,Ltle Bfast Saus,3,2,1,1
2025-11-16,Mini Hash Browns,3,3,0,0
2025-11-16,Multiseed Toast Bread,3,4,-1,1
2025-11-16,P.Eggs on Toast,5,10,-5,5
2025-11-16,Poached Egg,4,2,2,2
2025-11-16,Porridge,0,1,-1,1
2025-11-16,Posh Beans,1,2,-1,1
2025-11-16,S.Eggs on Toast,3,5,-2,2
2025-11-16,Sausage,13,14,-1,1
2025-11-16,Sausage Bap,14,14,0,0
2025-11-16,Scrambled Egg,2,2,0,0
2025-11-16,Sourdough Toast Bread,1,2,-1,1
2025-11-16,Streaky Bacon,0,0,0,0
2025-11-16,Tattie Scone,3,2,1,1
2025-11-16,The Breakfast,44,46,-2,2
2025-11-16,Toasted Teacake,14,8,6,6
2025-11-16,Tuna JP,2,3,-1,1
2025-11-16,Tuna Mayo Mix,0,0,0,0
2025-11-16,Tuna Melt Panini,0,0,0,0
2025-11-16,Tuna Panini,0,0,0,0
2025-11-16,Tuna Toastie,3,2,1,1
2025-11-16,Veg Sausage Bap,0,0,0,0
2025-11-16,Vegan Breakfast,1,2,-1,1
2025-11-16,Vegan Sausage,0,0,0,0
2025-11-16,Veggie Bap,1,1,0,0
2025-11-16,Veggie Breakfast,3,2,1,1
2025-11-16,White Toast Bread,41,36,5,5
2025-11-17,Avo & Hal Muffin,0,0,0,0
2025-11-17,"Avo, Egg & Bacon",3,4,-1,1
2025-11-17,"Avo, Feta & Tom",2,1,1,1
2025-11-17,Avocado on Toast,2,0,2,2
2025-11-17,Bacon,5,4,1,1
2025-11-17,Bacon Bap,17,13,4,4
2025-11-17,Bacon Egg Brioch,2,3,-1,1
2025-11-17,Bacon Waffle,3,3,0,0
2025-11-17,Baked Beans,3,7,-4,4
2025-11-17,Baked Beans JP,0,0,0,0
2025-11-17,Bakery,57,71,-14,14
2025-11-17,Bean Soldiers,1,0,1,1
2025-11-17,Big Breakfast,14,6,8,8
2025-11-17,Black Pudding,1,5,-4,4
2025-11-17,Breakfast Hash,1,0,1,1
2025-11-17,Breakfast Muffin,3,3,0,0
2025-11-17,Breakfast Wrap,0,0,0,0
2025-11-17,Brown Toast Bread,6,11,-5,5
2025-11-17,Buttd Mushrooms,2,1,1,1
2025-11-17,Cheese & Bean JP,1,1,0,0
2025-11-17,Cheese JP,0,0,0,0
2025-11-17,Chick Flatbread,2,0,2,2
2025-11-17,Chicken Club,3,0,3,3
2025-11-17,Chilli Carne JP,2,2,0,0
2025-11-17,Egg Bacon Brioch,0,0,0,0
2025-11-17,Egg Bap,1,1,0,0
2025-11-17,Extra Beans,3,0,3,3
2025-11-17,F.Eggs on Toast,1,1,0,0
2025-11-17,Festive Stack,0,3,-3,3
2025-11-17,Fried Egg,7,13,-6,6
2025-11-17,Hash Brown,2,4,-2,2
2025-11-17,Hash Brown Bites,0,0,0,0
2025-11-17,Little Avo Toast,0,0,0,0
2025-11-17,Little Bean Toas,0,0,0,0
2025-11-17,Little Egg Toast,0,0,0,0
2025-11-17,Ltle Bfast Bacon,0,0,0,0
2025-11-17,Ltle Bfast Saus,2,2,0,0
2025-11-17,Mini Hash Browns,2,0,2,2
2025-11-17,Multiseed Toast Bread,3,0,3,3
2025-11-17,P.Eggs on Toast,5,6,-1,1
2025-11-17,Poached Egg,2,2,0,0
2025-11-17,Porridge,0,0,0,0
2025-11-17,Posh Beans,1,0,1,1
2025-11-17,S.Eggs on Toast,2,3,-1,1
2025-11-17,Sausage,6,5,1,1
2025-11-17,Sausage Bap,10,12,-2,2
2025-11-17,Scrambled Egg,1,0,1,1
2025-11-17,Sourdough Toast Bread,1,0,1,1
2025-11-17,Streaky Bacon,0,0,0,0
2025-11-17,Tattie Scone,1,3,-2,2
2025-11-17,The Breakfast,25,27,-2,2
2025-11-17,Toasted Teacake,18,8,10,10
2025-11-17,Tuna JP,2,3,-1,1
2025-11-17,Tuna Mayo Mix,0,0,0,0
2025-11-17,Tuna Melt Panini,0,0,0,0
2025-11-17,Tuna Panini,0,0,0,0
2025-11-17,Tuna Toastie,2,3,-1,1
2025-11-17,Veg Sausage Bap,0,0,0,0
2025-11-17,Vegan Breakfast,1,0,1,1
2025-11-17,Vegan Sausage,0,0,0,0
2025-11-17,Veggie Bap,0,2,-2,2
2025-11-17,Veggie Breakfast,2,0,2,2
2025-11-17,White Toast Bread,25,22,3,3
2025-11-18,Avo & Hal Muffin,0,0,0,0
2025-11-18,"Avo, Egg & Bacon",2,1,1,1
2025-11-18,"Avo, Feta & Tom",2,2,0,0
2025-11-18,Avocado on Toast,2,1,1,1
2025-11-18,Bacon,5,4,1,1
2025-11-18,Bacon Bap,16,11,5,5
2025-11-18,Bacon Egg Brioch,2,0,2,2
2025-11-18,Bacon Waffle,2,2,0,0
2025-11-18,Baked Beans,5,2,3,3
2025-11-18,Baked Beans JP,0,0,0,0
2025-11-18,Bakery,53,51,2,2
2025-11-18,Bean Soldiers,1,0,1,1
2025-11-18,Big Breakfast,13,15,-2,2
2025-11-18,Black Pudding,1,2,-1,1
2025-11-18,Breakfast Hash,1,1,0,0
2025-11-18,Breakfast Muffin,2,1,1,1
2025-11-18,Breakfast Wrap,0,0,0,0
2025-11-18,Brown Toast Bread,7,5,2,2
2025-11-18,Buttd Mushrooms,2,0,2,2
2025-11-18,Cheese & Bean JP,1,2,-1,1
2025-11-18,Cheese JP,0,0,0,0
2025-11-18,Chick Flatbread,2,0,2,2
2025-11-18,Chicken Club,3,0,3,3
2025-11-18,Chilli Carne JP,1,3,-2,2
2025-11-18,Egg Bacon Brioch,0,0,0,0
2025-11-18,Egg Bap,1,0,1,1
2025-11-18,Extra Beans,2,0,2,2
2025-11-18,F.Eggs on Toast,1,1,0,0
2025-11-18,Festive Stack,0,3,-3,3
2025-11-18,Fried Egg,8,8,0,0
2025-11-18,Hash Brown,2,0,2,2
2025-11-18,Hash Brown Bites,0,0,0,0
2025-11-18,Little Avo Toast,0,0,0,0
2025-11-18,Little Bean Toas,0,0,0,0
2025-11-18,Little Egg Toast,0,0,0,0
2025-11-18,Ltle Bfast Bacon,1,0,1,1
2025-11-18,Ltle Bfast Saus,2,0,2,2
2025-11-18,Mini Hash Browns,2,1,1,1
2025-11-18,Multiseed Toast Bread,3,1,2,2
2025-11-18,P.Eggs on Toast,5,5,0,0
2025-11-18,Poached Egg,2,0,2,2
2025-11-18,Porridge,0,0,0,0
2025-11-18,Posh Beans,1,0,1,1
2025-11-18,S.Eggs on Toast,2,2,0,0
2025-11-18,Sausage,5,0,5,5
2025-11-18,Sausage Bap,10,12,-2,2
2025-11-18,Scrambled Egg,1,0,1,1
2025-11-18,Sourdough Toast Bread,1,2,-1,1
2025-11-18,Streaky Bacon,0,0,0,0
2025-11-18,Tattie Scone,1,0,1,1
2025-11-18,The Breakfast,20,21,-1,1
2025-11-18,Toasted Teacake,17,13,4,4
2025-11-18,Tuna JP,2,4,-2,2
2025-11-18,Tuna Mayo Mix,0,0,0,0
2025-11-18,Tuna Melt Panini,0,0,0,0
2025-11-18,Tuna Panini,0,0,0,0
2025-11-18,Tuna Toastie,2,1,1,1
2025-11-18,Veg Sausage Bap,0,0,0,0
2025-11-18,Vegan Breakfast,1,0,1,1
2025-11-18,Vegan Sausage,0,0,0,0
2025-11-18,Veggie Bap,0,0,0,0
2025-11-18,Veggie Breakfast,1,1,0,0
2025-11-18,White Toast Bread,22,26,-4,4
2025-11-19,Avo & Hal Muffin,0,0,0,0
2025-11-19,"Avo, Egg & Bacon",3,0,3,3
2025-11-19,"Avo, Feta & Tom",2,0,2,2
2025-11-19,Avocado on Toast,2,0,2,2
2025-11-19,Bacon,5,4,1,1
2025-11-19,Bacon Bap,17,13,4,4
2025-11-19,Bacon Egg Brioch,2,0,2,2
2025-11-19,Bacon Waffle,3,0,3,3
2025-11-19,Baked Beans,4,2,2,2
2025-11-19,Baked Beans JP,0,0,0,0
2025-11-19,Bakery,56,48,8,8
2025-11-19,Bean Soldiers,1,0,1,1
2025-11-19,Big Breakfast,13,12,1,1
2025-11-19,Black Pudding,1,0,1,1
2025-11-19,Breakfast Hash,1,0,1,1
2025-11-19,Breakfast Muffin,3,5,-2,2
2025-11-19,Breakfast Wrap,0,0,0,0
2025-11-19,Brown Toast Bread,8,6,2,2
2025-11-19,Buttd Mushrooms,2,5,-3,3
2025-11-19,Cheese & Bean JP,1,0,1,1
2025-11-19,Cheese JP,0,0,0,0
2025-11-19,Chick Flatbread,2,0,2,2
2025-11-19,Chicken Club,3,0,3,3
2025-11-19,Chilli Carne JP,1,0,1,1
2025-11-19,Egg Bacon Brioch,0,0,0,0
2025-11-19,Egg Bap,1,0,1,1
2025-11-19,Extra Beans,2,0,2,2
2025-11-19,F.Eggs on Toast,1,2,-1,1
2025-11-19,Festive Stack,0,2,-2,2
2025-11-19,Fried Egg,9,2,7,7
2025-11-19,Hash Brown,2,2,0,0
2025-11-19,Hash Brown Bites,0,0,0,0
2025-11-19,Little Avo Toast,0,0,0,0
2025-11-19,Little Bean Toas,0,0,0,0
2025-11-19,Little Egg Toast,0,0,0,0
2025-11-19,Ltle Bfast Bacon,0,0,0,0
2025-11-19,Ltle Bfast Saus,2,0,2,2
2025-11-19,Mini Hash Browns,2,2,0,0
2025-11-19,Multiseed Toast Bread,3,4,-1,1
2025-11-19,P.Eggs on Toast,5,3,2,2
2025-11-19,Poached Egg,3,1,2,2
2025-11-19,Porridge,0,0,0,0
2025-11-19,Posh Beans,1,4,-3,3
2025-11-19,S.Eggs on Toast,2,1,1,1
2025-11-19,Sausage,5,3,2,2
2025-11-19,Sausage Bap,10,7,3,3
2025-11-19,Scrambled Egg,1,0,1,1
2025-11-19,Sourdough Toast Bread,1,0,1,1
2025-11-19,Streaky Bacon,0,0,0,0
2025-11-19,Tattie Scone,1,0,1,1
2025-11-19,The Breakfast,23,27,-4,4
2025-11-19,Toasted Teacake,16,6,10,10
2025-11-19,Tuna JP,3,2,1,1
2025-11-19,Tuna Mayo Mix,0,0,0,0
2025-11-19,Tuna Melt Panini,0,0,0,0
2025-11-19,Tuna Panini,0,0,0,0
2025-11-19,Tuna Toastie,2,0,2,2
2025-11-19,Veg Sausage Bap,0,0,0,0
2025-11-19,Vegan Breakfast,1,0,1,1
2025-11-19,Vegan Sausage,0,0,0,0
2025-11-19,Veggie Bap,0,0,0,0
2025-11-19,Veggie Breakfast,2,3,-1,1
2025-11-19,White Toast Bread,26,30,-4,4
2025-11-20,Avo & Hal Muffin,0,0,0,0
2025-11-20,"Avo, Egg & Bacon",3,3,0,0
2025-11-20,"Avo, Feta & Tom",2,3,-1,1
2025-11-20,Avocado on Toast,2,1,1,1
2025-11-20,Bacon,5,7,-2,2
2025-11-20,Bacon Bap,18,7,11,11
2025-11-20,Bacon Egg Brioch,2,2,0,0
2025-11-20,Bacon Waffle,3,1,2,2
2025-11-20,Baked Beans,4,8,-4,4
2025-11-20,Baked Beans JP,0,0,0,0
2025-11-20,Bakery,56,60,-4,4
2025-11-20,Bean Soldiers,1,0,1,1
2025-11-20,Big Breakfast,13,9,4,4
2025-11-20,Black Pudding,1,1,0,0
2025-11-20,Breakfast Hash,1,0,1,1
2025-11-20,Breakfast Muffin,3,4,-1,1
2025-11-20,Breakfast Wrap,0,0,0,0
2025-11-20,Brown Toast Bread,10,6,4,4
2025-11-20,Buttd Mushrooms,2,3,-1,1
2025-11-20,Cheese & Bean JP,1,0,1,1
2025-11-20,Cheese JP,0,0,0,0
2025-11-20,Chick Flatbread,2,0,2,2
2025-11-20,Chicken Club,3,0,3,3
2025-11-20,Chilli Carne JP,2,1,1,1
2025-11-20,Egg Bacon Brioch,0,0,0,0
2025-11-20,Egg Bap,1,4,-3,3
2025-11-20,Extra Beans,3,0,3,3
2025-11-20,F.Eggs on Toast,2,1,1,1
2025-11-20,Festive Stack,0,1,-1,1
2025-11-20,Fried Egg,11,11,0,0
2025-11-20,Hash Brown,2,2,0,0
2025-11-20,Hash Brown Bites,0,0,0,0
2025-11-20,Little Avo Toast,0,0,0,0
2025-11-20,Little Bean Toas,0,0,0,0
2025-11-20,Little Egg Toast,0,0,0,0
2025-11-20,Ltle Bfast Bacon,0,1,-1,1
2025-11-20,Ltle Bfast Saus,2,1,1,1
2025-11-20,Mini Hash Browns,3,3,0,0
2025-11-20,Multiseed Toast Bread,3,2,1,1
2025-11-20,P.Eggs on Toast,7,5,2,2
2025-11-20,Poached Egg,4,5,-1,1
2025-11-20,Porridge,0,0,0,0
2025-11-20,Posh Beans,1,1,0,0
2025-11-20,S.Eggs on Toast,3,1,2,2
2025-11-20,Sausage,5,7,-2,2
2025-11-20,Sausage Bap,14,14,0,0
2025-11-20,Scrambled Egg,1,0,1,1
2025-11-20,Sourdough Toast Bread,1,0,1,1
2025-11-20,Streaky Bacon,0,1,-1,1
2025-11-20,Tattie Scone,2,1,1,1
2025-11-20,The Breakfast,21,14,7,7
2025-11-20,Toasted Teacake,20,7,13,13
2025-11-20,Tuna JP,3,6,-3,3
2025-11-20,Tuna Mayo Mix,0,0,0,0
2025-11-20,Tuna Melt Panini,0,0,0,0
2025-11-20,Tuna Panini,0,0,0,0
2025-11-20,Tuna Toastie,3,3,0,0
2025-11-20,Veg Sausage Bap,0,0,0,0
2025-11-20,Vegan Breakfast,1,1,0,0
2025-11-20,Vegan Sausage,0,0,0,0
2025-11-20,Veggie Bap,0,0,0,0
2025-11-20,Veggie Breakfast,2,0,2,2
2025-11-20,White Toast Bread,26,27,-1,1
2025-11-21,Avo & Hal Muffin,0,0,0,0
2025-11-21,"Avo, Egg & Bacon",3,6,-3,3
2025-11-21,"Avo, Feta & Tom",3,1,2,2
2025-11-21,Avocado on Toast,3,2,1,1
2025-11-21,Bacon,6,7,-1,1
2025-11-21,Bacon Bap,19,16,3,3
2025-11-21,Bacon Egg Brioch,2,3,-1,1
2025-11-21,Bacon Waffle,3,1,2,2
2025-11-21,Baked Beans,4,9,-5,5
2025-11-21,Baked Beans JP,0,0,0,0
2025-11-21,Bakery,63,61,2,2
2025-11-21,Bean Soldiers,1,0,1,1
2025-11-21,Big Breakfast,16,15,1,1
2025-11-21,Black Pudding,2,4,-2,2
2025-11-21,Breakfast Hash,1,0,1,1
2025-11-21,Breakfast Muffin,3,4,-1,1
2025-11-21,Breakfast Wrap,0,0,0,0
2025-11-21,Brown Toast Bread,9,8,1,1
2025-11-21,Buttd Mushrooms,2,0,2,2
2025-11-21,Cheese & Bean JP,1,3,-2,2
2025-11-21,Cheese JP,0,1,-1,1
2025-11-21,Chick Flatbread,2,0,2,2
2025-11-21,Chicken Club,3,0,3,3
2025-11-21,Chilli Carne JP,2,2,0,0
2025-11-21,Egg Bacon Brioch,0,0,0,0
2025-11-21,Egg Bap,1,2,-1,1
2025-11-21,Extra Beans,3,0,3,3
2025-11-21,F.Eggs on Toast,2,3,-1,1
2025-11-21,Festive Stack,0,3,-3,3
2025-11-21,Fried Egg,10,9,1,1
2025-11-21,Hash Brown,3,5,-2,2
2025-11-21,Hash Brown Bites,0,0,0,0
2025-11-21,Little Avo Toast,0,0,0,0
2025-11-21,Little Bean Toas,0,0,0,0
2025-11-21,Little Egg Toast,0,0,0,0
2025-11-21,Ltle Bfast Bacon,0,0,0,0
2025-11-21,Ltle Bfast Saus,2,0,2,2
2025-11-21,Mini Hash Browns,3,1,2,2
2025-11-21,Multiseed Toast Bread,3,4,-1,1
2025-11-21,P.Eggs on Toast,6,8,-2,2
2025-11-21,Poached Egg,4,6,-2,2
2025-11-21,Porridge,0,1,-1,1
2025-11-21,Posh Beans,1,2,-1,1
2025-11-21,S.Eggs on Toast,3,1,2,2
2025-11-21,Sausage,6,5,1,1
2025-11-21,Sausage Bap,15,14,1,1
2025-11-21,Scrambled Egg,1,1,0,0
2025-11-21,Sourdough Toast Bread,1,0,1,1
2025-11-21,Streaky Bacon,0,0,0,0
2025-11-21,Tattie Scone,2,1,1,1
2025-11-21,The Breakfast,36,43,-7,7
2025-11-21,Toasted Teacake,20,9,11,11
2025-11-21,Tuna JP,3,3,0,0
2025-11-21,Tuna Mayo Mix,0,0,0,0
2025-11-21,Tuna Melt Panini,0,0,0,0
2025-11-21,Tuna Panini,0,0,0,0
2025-11-21,Tuna Toastie,3,2,1,1
2025-11-21,Veg Sausage Bap,0,0,0,0
2025-11-21,Vegan Breakfast,1,1,0,0
2025-11-21,Vegan Sausage,0,0,0,0
2025-11-21,Veggie Bap,0,0,0,0
2025-11-21,Veggie Breakfast,2,2,0,0
2025-11-21,White Toast Bread,40,35,5,5
2025-11-22,Avo & Hal Muffin,0,0,0,0
2025-11-22,"Avo, Egg & Bacon",4,7,-3,3
2025-11-22,"Avo, Feta & Tom",3,4,-1,1
2025-11-22,Avocado on Toast,3,0,3,3
2025-11-22,Bacon,7,5,2,2
2025-11-22,Bacon Bap,21,17,4,4
2025-11-22,Bacon Egg Brioch,3,1,2,2
2025-11-22,Bacon Waffle,4,4,0,0
2025-11-22,Baked Beans,5,7,-2,2
2025-11-22,Baked Beans JP,0,0,0,0
2025-11-22,Bakery,66,61,5,5
2025-11-22,Bean Soldiers,1,1,0,0
2025-11-22,Big Breakfast,28,28,0,0
2025-11-22,Black Pudding,3,4,-1,1
2025-11-22,Breakfast Hash,1,3,-2,2
2025-11-22,Breakfast Muffin,4,2,2,2
2025-11-22,Breakfast Wrap,0,0,0,0
2025-11-22,Brown Toast Bread,9,12,-3,3
2025-11-22,Buttd Mushrooms,3,1,2,2
2025-11-22,Cheese & Bean JP,2,0,2,2
2025-11-22,Cheese JP,0,0,0,0
2025-11-22,Chick Flatbread,2,0,2,2
2025-11-22,Chicken Club,4,0,4,4
2025-11-22,Chilli Carne JP,2,1,1,1
2025-11-22,Egg Bacon Brioch,0,0,0,0
2025-11-22,Egg Bap,2,5,-3,3
2025-11-22,Extra Beans,4,0,4,4
2025-11-22,F.Eggs on Toast,2,3,-1,1
2025-11-22,Festive Stack,0,3,-3,3
2025-11-22,Fried Egg,12,10,2,2
2025-11-22,Hash Brown,5,2,3,3
2025-11-22,Hash Brown Bites,0,0,0,0
2025-11-22,Little Avo Toast,0,0,0,0
2025-11-22,Little Bean Toas,0,0,0,0
2025-11-22,Little Egg Toast,0,0,0,0
2025-11-22,Ltle Bfast Bacon,1,0,1,1
2025-11-22,Ltle Bfast Saus,3,1,2,2
2025-11-22,Mini Hash Browns,4,5,-1,1
2025-11-22,Multiseed Toast Bread,3,5,-2,2
2025-11-22,P.Eggs on Toast,5,4,1,1
2025-11-22,Poached Egg,4,2,2,2
2025-11-22,Porridge,0,1,-1,1
2025-11-22,Posh Beans,2,1,1,1
2025-11-22,S.Eggs on Toast,4,10,-6,6
2025-11-22,Sausage,13,11,2,2
2025-11-22,Sausage Bap,17,12,5,5
2025-11-22,Scrambled Egg,2,0,2,2
2025-11-22,Sourdough Toast Bread,1,4,-3,3
2025-11-22,Streaky Bacon,0,0,0,0
2025-11-22,Tattie Scone,3,5,-2,2
2025-11-22,The Breakfast,51,52,-1,1
2025-11-22,Toasted Teacake,19,6,13,13
2025-11-22,Tuna JP,3,2,1,1
2025-11-22,Tuna Mayo Mix,0,0,0,0
2025-11-22,Tuna Melt Panini,0,0,0,0
2025-11-22,Tuna Panini,0,0,0,0
2025-11-22,Tuna Toastie,3,2,1,1
2025-11-22,Veg Sausage Bap,0,0,0,0
2025-11-22,Vegan Breakfast,1,1,0,0
2025-11-22,Vegan Sausage,0,0,0,0
2025-11-22,Veggie Bap,1,0,1,1
2025-11-22,Veggie Breakfast,3,4,-1,1
2025-11-22,White Toast Bread,45,39,6,6
2025-11-23,Avo & Hal Muffin,0,0,0,0
2025-11-23,"Avo, Egg & Bacon",3,6,-3,3
2025-11-23,"Avo, Feta & Tom",3,0,3,3
2025-11-23,Avocado on Toast,3,2,1,1
2025-11-23,Bacon,7,4,3,3
2025-11-23,Bacon Bap,19,18,1,1
2025-11-23,Bacon Egg Brioch,3,5,-2,2
2025-11-23,Bacon Waffle,4,2,2,2
2025-11-23,Baked Beans,5,6,-1,1
2025-11-23,Baked Beans JP,0,0,0,0
2025-11-23,Bakery,60,83,-23,23
2025-11-23,Bean Soldiers,1,1,0,0
2025-11-23,Big Breakfast,25,29,-4,4
2025-11-23,Black Pudding,4,8,-4,4
2025-11-23,Breakfast Hash,1,0,1,1
2025-11-23,Breakfast Muffin,4,5,-1,1
2025-11-23,Breakfast Wrap,0,0,0,0
2025-11-23,Brown Toast Bread,9,15,-6,6
2025-11-23,Buttd Mushrooms,3,1,2,2
2025-11-23,Cheese & Bean JP,1,1,0,0
2025-11-23,Cheese JP,0,1,-1,1
2025-11-23,Chick Flatbread,2,0,2,2
2025-11-23,Chicken Club,4,0,4,4
2025-11-23,Chilli Carne JP,2,4,-2,2
2025-11-23,Egg Bacon Brioch,0,0,0,0
2025-11-23,Egg Bap,2,0,2,2
2025-11-23,Extra Beans,3,0,3,3
2025-11-23,F.Eggs on Toast,2,2,0,0
2025-11-23,Festive Stack,0,4,-4,4
2025-11-23,Fried Egg,10,14,-4,4
2025-11-23,Hash Brown,4,2,2,2
2025-11-23,Hash Brown Bites,0,0,0,0
2025-11-23,Little Avo Toast,0,0,0,0
2025-11-23,Little Bean Toas,0,0,0,0
2025-11-23,Little Egg Toast,0,0,0,0
2025-11-23,Ltle Bfast Bacon,1,0,1,1
2025-11-23,Ltle Bfast Saus,3,4,-1,1
2025-11-23,Mini Hash Browns,3,1,2,2
2025-11-23,Multiseed Toast Bread,3,1,2,2
2025-11-23,P.Eggs on Toast,5,4,1,1
2025-11-23,Poached Egg,4,2,2,2
2025-11-23,Porridge,0,1,-1,1
2025-11-23,Posh Beans,1,0,1,1
2025-11-23,S.Eggs on Toast,3,5,-2,2
2025-11-23,Sausage,14,6,8,8
2025-11-23,Sausage Bap,12,17,-5,5
2025-11-23,Scrambled Egg,2,2,0,0
2025-11-23,Sourdough Toast Bread,1,1,0,0
2025-11-23,Streaky Bacon,0,0,0,0
2025-11-23,Tattie Scone,2,4,-2,2
2025-11-23,The Breakfast,44,42,2,2
2025-11-23,Toasted Teacake,14,5,9,9
2025-11-23,Tuna JP,3,1,2,2
2025-11-23,Tuna Mayo Mix,0,0,0,0
2025-11-23,Tuna Melt Panini,0,0,0,0
2025-11-23,Tuna Panini,0,0,0,0
2025-11-23,Tuna Toastie,3,3,0,0
2025-11-23,Veg Sausage Bap,0,0,0,0
2025-11-23,Vegan Breakfast,1,0,1,1
2025-11-23,Vegan Sausage,0,0,0,0
2025-11-23,Veggie Bap,0,0,0,0
2025-11-23,Veggie Breakfast,3,4,-1,1
2025-11-23,White Toast Bread,42,63,-21,21
2025-11-24,Avo & Hal Muffin,0,0,0,0
2025-11-24,"Avo, Egg & Bacon",3,2,1,1
2025-11-24,"Avo, Feta & Tom",2,1,1,1
2025-11-24,Avocado on Toast,3,1,2,2
2025-11-24,Bacon,4,2,2,2
2025-11-24,Bacon Bap,16,26,-10,10
2025-11-24,Bacon Egg Brioch,2,2,0,0
2025-11-24,Bacon Waffle,2,3,-1,1
2025-11-24,Baked Beans,3,7,-4,4
2025-11-24,Baked Beans JP,0,0,0,0
2025-11-24,Bakery,52,61,-9,9
2025-11-24,Bean Soldiers,1,1,0,0
2025-11-24,Big Breakfast,16,16,0,0
2025-11-24,Black Pudding,1,2,-1,1
2025-11-24,Breakfast Hash,1,0,1,1
2025-11-24,Breakfast Muffin,3,3,0,0
2025-11-24,Breakfast Wrap,0,0,0,0
2025-11-24,Brown Toast Bread,6,8,-2,2
2025-11-24,Buttd Mushrooms,2,2,0,0
2025-11-24,Cheese & Bean JP,1,1,0,0
2025-11-24,Cheese JP,0,0,0,0
2025-11-24,Chick Flatbread,2,0,2,2
2025-11-24,Chicken Club,3,0,3,3
2025-11-24,Chilli Carne JP,2,0,2,2
2025-11-24,Egg Bacon Brioch,0,0,0,0
2025-11-24,Egg Bap,1,1,0,0
2025-11-24,Extra Beans,3,0,3,3
2025-11-24,F.Eggs on Toast,1,2,-1,1
2025-11-24,Festive Stack,0,4,-4,4
2025-11-24,Fried Egg,7,11,-4,4
2025-11-24,Hash Brown,2,8,-6,6
2025-11-24,Hash Brown Bites,0,0,0,0
2025-11-24,Little Avo Toast,0,0,0,0
2025-11-24,Little Bean Toas,0,0,0,0
2025-11-24,Little Egg Toast,0,0,0,0
2025-11-24,Ltle Bfast Bacon,0,1,-1,1
2025-11-24,Ltle Bfast Saus,2,4,-2,2
2025-11-24,Mini Hash Browns,2,2,0,0
2025-11-24,Multiseed Toast Bread,3,3,0,0
2025-11-24,P.Eggs on Toast,5,5,0,0
2025-11-24,Poached Egg,2,5,-3,3
2025-11-24,Porridge,0,0,0,0
2025-11-24,Posh Beans,1,1,0,0
2025-11-24,S.Eggs on Toast,3,1,2,2
2025-11-24,Sausage,6,6,0,0
2025-11-24,Sausage Bap,12,15,-3,3
2025-11-24,Scrambled Egg,1,0,1,1
2025-11-24,Sourdough Toast Bread,1,0,1,1
2025-11-24,Streaky Bacon,0,0,0,0
2025-11-24,Tattie Scone,1,5,-4,4
2025-11-24,The Breakfast,25,28,-3,3
2025-11-24,Toasted Teacake,18,6,12,12
2025-11-24,Tuna JP,2,2,0,0
2025-11-24,Tuna Mayo Mix,0,0,0,0
2025-11-24,Tuna Melt Panini,0,0,0,0
2025-11-24,Tuna Panini,0,0,0,0
2025-11-24,Tuna Toastie,3,7,-4,4
2025-11-24,Veg Sausage Bap,0,0,0,0
2025-11-24,Vegan Breakfast,1,0,1,1
2025-11-24,Vegan Sausage,0,0,0,0
2025-11-24,Veggie Bap,0,2,-2,2
2025-11-24,Veggie Breakfast,2,4,-2,2
2025-11-24,White Toast Bread,27,32,-5,5
2025-11-25,Avo & Hal Muffin,0,0,0,0
2025-11-25,"Avo, Egg & Bacon",3,1,2,2
2025-11-25,"Avo, Feta & Tom",2,2,0,0
2025-11-25,Avocado on Toast,2,0,2,2
2025-11-25,Bacon,5,6,-1,1
2025-11-25,Bacon Bap,17,10,7,7
2025-11-25,Bacon Egg Brioch,2,1,1,1
2025-11-25,Bacon Waffle,3,2,1,1
2025-11-25,Baked Beans,4,3,1,1
2025-11-25,Baked Beans JP,0,0,0,0
2025-11-25,Bakery,50,74,-24,24
2025-11-25,Bean Soldiers,1,0,1,1
2025-11-25,Big Breakfast,15,5,10,10
2025-11-25,Black Pudding,1,2,-1,1
2025-11-25,Breakfast Hash,1,2,-1,1
2025-11-25,Breakfast Muffin,3,1,2,2
2025-11-25,Breakfast Wrap,0,0,0,0
2025-11-25,Brown Toast Bread,7,6,1,1
2025-11-25,Buttd Mushrooms,2,1,1,1
2025-11-25,Cheese & Bean JP,1,1,0,0
2025-11-25,Cheese JP,0,0,0,0
2025-11-25,Chick Flatbread,2,0,2,2
2025-11-25,Chicken Club,3,0,3,3
2025-11-25,Chilli Carne JP,2,0,2,2
2025-11-25,Egg Bacon Brioch,0,0,0,0
2025-11-25,Egg Bap,1,0,1,1
2025-11-25,Extra Beans,2,0,2,2
2025-11-25,F.Eggs on Toast,1,1,0,0
2025-11-25,Festive Stack,0,1,-1,1
2025-11-25,Fried Egg,8,3,5,5
2025-11-25,Hash Brown,2,4,-2,2
2025-11-25,Hash Brown Bites,0,0,0,0
2025-11-25,Little Avo Toast,0,0,0,0
2025-11-25,Little Bean Toas,0,0,0,0
2025-11-25,Little Egg Toast,0,0,0,0
2025-11-25,Ltle Bfast Bacon,1,0,1,1
2025-11-25,Ltle Bfast Saus,2,1,1,1
2025-11-25,Mini Hash Browns,2,2,0,0
2025-11-25,Multiseed Toast Bread,2,2,0,0
2025-11-25,P.Eggs on Toast,4,3,1,1
2025-11-25,Poached Egg,2,2,0,0
2025-11-25,Porridge,0,0,0,0
2025-11-25,Posh Beans,1,0,1,1
2025-11-25,S.Eggs on Toast,3,1,2,2
2025-11-25,Sausage,5,3,2,2
2025-11-25,Sausage Bap,12,11,1,1
2025-11-25,Scrambled Egg,1,7,-6,6
2025-11-25,Sourdough Toast Bread,1,0,1,1
2025-11-25,Streaky Bacon,0,0,0,0
2025-11-25,Tattie Scone,1,1,0,0
2025-11-25,The Breakfast,21,23,-2,2
2025-11-25,Toasted Teacake,17,10,7,7
2025-11-25,Tuna JP,2,2,0,0
2025-11-25,Tuna Mayo Mix,0,0,0,0
2025-11-25,Tuna Melt Panini,0,0,0,0
2025-11-25,Tuna Panini,0,0,0,0
2025-11-25,Tuna Toastie,2,2,0,0
2025-11-25,Veg Sausage Bap,0,0,0,0
2025-11-25,Vegan Breakfast,1,0,1,1
2025-11-25,Vegan Sausage,0,0,0,0
2025-11-25,Veggie Bap,0,0,0,0
2025-11-25,Veggie Breakfast,2,0,2,2
2025-11-25,White Toast Bread,22,22,0,0
2025-11-26,Avo & Hal Muffin,0,0,0,0
2025-11-26,"Avo, Egg & Bacon",3,2,1,1
2025-11-26,"Avo, Feta & Tom",2,5,-3,3
2025-11-26,Avocado on Toast,2,1,1,1
2025-11-26,Bacon,5,2,3,3
2025-11-26,Bacon Bap,18,15,3,3
2025-11-26,Bacon Egg Brioch,2,0,2,2
2025-11-26,Bacon Waffle,2,1,1,1
2025-11-26,Baked Beans,4,7,-3,3
2025-11-26,Baked Beans JP,0,0,0,0
2025-11-26,Bakery,57,76,-19,19
2025-11-26,Bean Soldiers,1,1,0,0
2025-11-26,Big Breakfast,14,14,0,0
2025-11-26,Black Pudding,1,2,-1,1
2025-11-26,Breakfast Hash,1,0,1,1
2025-11-26,Breakfast Muffin,2,4,-2,2
2025-11-26,Breakfast Wrap,0,0,0,0
2025-11-26,Brown Toast Bread,8,9,-1,1
2025-11-26,Buttd Mushrooms,2,2,0,0
2025-11-26,Cheese & Bean JP,1,2,-1,1
2025-11-26,Cheese JP,0,0,0,0
2025-11-26,Chick Flatbread,2,0,2,2
2025-11-26,Chicken Club,3,0,3,3
2025-11-26,Chilli Carne JP,1,1,0,0
2025-11-26,Egg Bacon Brioch,0,0,0,0
2025-11-26,Egg Bap,1,2,-1,1
2025-11-26,Extra Beans,2,0,2,2
2025-11-26,F.Eggs on Toast,1,3,-2,2
2025-11-26,Festive Stack,0,2,-2,2
2025-11-26,Fried Egg,9,3,6,6
2025-11-26,Hash Brown,2,0,2,2
2025-11-26,Hash Brown Bites,0,0,0,0
2025-11-26,Little Avo Toast,0,0,0,0
2025-11-26,Little Bean Toas,0,0,0,0
2025-11-26,Little Egg Toast,0,0,0,0
2025-11-26,Ltle Bfast Bacon,0,0,0,0
2025-11-26,Ltle Bfast Saus,2,0,2,2
2025-11-26,Mini Hash Browns,2,1,1,1
2025-11-26,Multiseed Toast Bread,3,1,2,2
2025-11-26,P.Eggs on Toast,5,5,0,0
2025-11-26,Poached Egg,2,6,-4,4
2025-11-26,Porridge,0,1,-1,1
2025-11-26,Posh Beans,1,2,-1,1
2025-11-26,S.Eggs on Toast,2,3,-1,1
2025-11-26,Sausage,5,5,0,0
2025-11-26,Sausage Bap,13,14,-1,1
2025-11-26,Scrambled Egg,1,0,1,1
2025-11-26,Sourdough Toast Bread,1,0,1,1
2025-11-26,Streaky Bacon,0,0,0,0
2025-11-26,Tattie Scone,1,1,0,0
2025-11-26,The Breakfast,23,35,-12,12
2025-11-26,Toasted Teacake,17,4,13,13
2025-11-26,Tuna JP,3,1,2,2
2025-11-26,Tuna Mayo Mix,0,0,0,0
2025-11-26,Tuna Melt Panini,0,0,0,0
2025-11-26,Tuna Panini,0,0,0,0
2025-11-26,Tuna Toastie,2,1,1,1
2025-11-26,Veg Sausage Bap,0,0,0,0
2025-11-26,Vegan Breakfast,1,0,1,1
2025-11-26,Vegan Sausage,0,0,0,0
2025-11-26,Veggie Bap,0,1,-1,1
2025-11-26,Veggie Breakfast,2,2,0,0
2025-11-26,White Toast Bread,25,29,-4,4
2025-11-27,Avo & Hal Muffin,0,0,0,0
2025-11-27,"Avo, Egg & Bacon",3,3,0,0
2025-11-27,"Avo, Feta & Tom",2,1,1,1
2025-11-27,Avocado on Toast,3,1,2,2
2025-11-27,Bacon,5,5,0,0
2025-11-27,Bacon Bap,19,11,8,8
2025-11-27,Bacon Egg Brioch,2,1,1,1
2025-11-27,Bacon Waffle,3,2,1,1
2025-11-27,Baked Beans,4,6,-2,2
2025-11-27,Baked Beans JP,0,0,0,0
2025-11-27,Bakery,58,78,-20,20
2025-11-27,Bean Soldiers,1,0,1,1
2025-11-27,Big Breakfast,14,13,1,1
2025-11-27,Black Pudding,1,0,1,1
2025-11-27,Breakfast Hash,1,1,0,0
2025-11-27,Breakfast Muffin,3,1,2,2
2025-11-27,Breakfast Wrap,0,0,0,0
2025-11-27,Brown Toast Bread,10,11,-1,1
2025-11-27,Buttd Mushrooms,2,1,1,1
2025-11-27,Cheese & Bean JP,1,2,-1,1
2025-11-27,Cheese JP,0,1,-1,1
2025-11-27,Chick Flatbread,2,0,2,2
2025-11-27,Chicken Club,3,0,3,3
2025-11-27,Chilli Carne JP,2,0,2,2
2025-11-27,Egg Bacon Brioch,0,0,0,0
2025-11-27,Egg Bap,1,2,-1,1
2025-11-27,Extra Beans,3,0,3,3
2025-11-27,F.Eggs on Toast,2,2,0,0
2025-11-27,Festive Stack,0,8,-8,8
2025-11-27,Fried Egg,10,5,5,5
2025-11-27,Hash Brown,2,0,2,2
2025-11-27,Hash Brown Bites,0,0,0,0
2025-11-27,Little Avo Toast,0,0,0,0
2025-11-27,Little Bean Toas,0,0,0,0
2025-11-27,Little Egg Toast,0,0,0,0
2025-11-27,Ltle Bfast Bacon,0,0,0,0
2025-11-27,Ltle Bfast Saus,2,3,-1,1
2025-11-27,Mini Hash Browns,3,1,2,2
2025-11-27,Multiseed Toast Bread,3,4,-1,1
2025-11-27,P.Eggs on Toast,7,4,3,3
2025-11-27,Poached Egg,4,3,1,1
2025-11-27,Porridge,0,1,-1,1
2025-11-27,Posh Beans,1,0,1,1
2025-11-27,S.Eggs on Toast,3,3,0,0
2025-11-27,Sausage,5,6,-1,1
2025-11-27,Sausage Bap,16,14,2,2
2025-11-27,Scrambled Egg,1,1,0,0
2025-11-27,Sourdough Toast Bread,1,1,0,0
2025-11-27,Streaky Bacon,0,1,-1,1
2025-11-27,Tattie Scone,2,0,2,2
2025-11-27,The Breakfast,21,19,2,2
2025-11-27,Toasted Teacake,19,8,11,11
2025-11-27,Tuna JP,3,6,-3,3
2025-11-27,Tuna Mayo Mix,0,0,0,0
2025-11-27,Tuna Melt Panini,0,0,0,0
2025-11-27,Tuna Panini,0,0,0,0
2025-11-27,Tuna Toastie,3,1,2,2
2025-11-27,Veg Sausage Bap,0,0,0,0
2025-11-27,Vegan Breakfast,1,0,1,1
2025-11-27,Vegan Sausage,0,0,0,0
2025-11-27,Veggie Bap,0,2,-2,2
2025-11-27,Veggie Breakfast,2,4,-2,2
2025-11-27,White Toast Bread,26,25,1,1
2025-11-28,Avo & Hal Muffin,0,0,0,0
2025-11-28,"Avo, Egg & Bacon",3,3,0,0
2025-11-28,"Avo, Feta & Tom",2,0,2,2
2025-11-28,Avocado on Toast,3,0,3,3
2025-11-28,Bacon,6,12,-6,6
2025-11-28,Bacon Bap,20,11,9,9
2025-11-28,Bacon Egg Brioch,2,2,0,0
2025-11-28,Bacon Waffle,3,5,-2,2
2025-11-28,Baked Beans,4,1,3,3
2025-11-28,Baked Beans JP,0,1,-1,1
2025-11-28,Bakery,62,84,-22,22
2025-11-28,Bean Soldiers,1,0,1,1
2025-11-28,Big Breakfast,17,9,8,8
2025-11-28,Black Pudding,2,1,1,1
2025-11-28,Breakfast Hash,1,0,1,1
2025-11-28,Breakfast Muffin,3,3,0,0
2025-11-28,Breakfast Wrap,0,0,0,0
2025-11-28,Brown Toast Bread,9,9,0,0
2025-11-28,Buttd Mushrooms,2,5,-3,3
2025-11-28,Cheese & Bean JP,1,0,1,1
2025-11-28,Cheese JP,0,0,0,0
2025-11-28,Chick Flatbread,2,0,2,2
2025-11-28,Chicken Club,3,0,3,3
2025-11-28,Chilli Carne JP,2,0,2,2
2025-11-28,Egg Bacon Brioch,0,0,0,0
2025-11-28,Egg Bap,1,1,0,0
2025-11-28,Extra Beans,3,0,3,3
2025-11-28,F.Eggs on Toast,2,4,-2,2
2025-11-28,Festive Stack,0,3,-3,3
2025-11-28,Fried Egg,11,9,2,2
2025-11-28,Hash Brown,2,0,2,2
2025-11-28,Hash Brown Bites,0,0,0,0
2025-11-28,Little Avo Toast,0,0,0,0
2025-11-28,Little Bean Toas,0,0,0,0
2025-11-28,Little Egg Toast,0,0,0,0
2025-11-28,Ltle Bfast Bacon,0,0,0,0
2025-11-28,Ltle Bfast Saus,2,3,-1,1
2025-11-28,Mini Hash Browns,3,1,2,2
2025-11-28,Multiseed Toast Bread,3,1,2,2
2025-11-28,P.Eggs on Toast,6,5,1,1
2025-11-28,Poached Egg,3,0,3,3
2025-11-28,Porridge,0,0,0,0
2025-11-28,Posh Beans,1,0,1,1
2025-11-28,S.Eggs on Toast,3,0,3,3
2025-11-28,Sausage,6,5,1,1
2025-11-28,Sausage Bap,17,10,7,7
2025-11-28,Scrambled Egg,2,3,-1,1
2025-11-28,Sourdough Toast Bread,1,0,1,1
2025-11-28,Streaky Bacon,0,0,0,0
2025-11-28,Tattie Scone,2,2,0,0
2025-11-28,The Breakfast,36,49,-13,13
2025-11-28,Toasted Teacake,19,11,8,8
2025-11-28,Tuna JP,3,2,1,1
2025-11-28,Tuna Mayo Mix,0,0,0,0
2025-11-28,Tuna Melt Panini,0,0,0,0
2025-11-28,Tuna Panini,0,0,0,0
2025-11-28,Tuna Toastie,3,2,1,1
2025-11-28,Veg Sausage Bap,0,0,0,0
2025-11-28,Vegan Breakfast,1,0,1,1
2025-11-28,Vegan Sausage,0,0,0,0
2025-11-28,Veggie Bap,0,1,-1,1
2025-11-28,Veggie Breakfast,2,1,1,1
2025-11-28,White Toast Bread,36,31,5,5
2025-11-29,Avo & Hal Muffin,0,0,0,0
2025-11-29,"Avo, Egg & Bacon",4,5,-1,1
2025-11-29,"Avo, Feta & Tom",3,2,1,1
2025-11-29,Avocado on Toast,3,2,1,1
2025-11-29,Bacon,7,3,4,4
2025-11-29,Bacon Bap,25,16,9,9
2025-11-29,Bacon Egg Brioch,3,0,3,3
2025-11-29,Bacon Waffle,5,3,2,2
2025-11-29,Baked Beans,5,2,3,3
2025-11-29,Baked Beans JP,0,0,0,0
2025-11-29,Bakery,69,60,9,9
2025-11-29,Bean Soldiers,1,0,1,1
2025-11-29,Big Breakfast,26,31,-5,5
2025-11-29,Black Pudding,3,3,0,0
2025-11-29,Breakfast Hash,1,3,-2,2
2025-11-29,Breakfast Muffin,5,4,1,1
2025-11-29,Breakfast Wrap,0,0,0,0
2025-11-29,Brown Toast Bread,9,8,1,1
2025-11-29,Buttd Mushrooms,3,4,-1,1
2025-11-29,Cheese & Bean JP,1,2,-1,1
2025-11-29,Cheese JP,0,0,0,0
2025-11-29,Chick Flatbread,2,0,2,2
2025-11-29,Chicken Club,5,0,5,5
2025-11-29,Chilli Carne JP,2,0,2,2
2025-11-29,Egg Bacon Brioch,0,0,0,0
2025-11-29,Egg Bap,2,3,-1,1
2025-11-29,Extra Beans,4,0,4,4
2025-11-29,F.Eggs on Toast,2,1,1,1
2025-11-29,Festive Stack,0,6,-6,6
2025-11-29,Fried Egg,14,5,9,9
2025-11-29,Hash Brown,5,3,2,2
2025-11-29,Hash Brown Bites,0,0,0,0
2025-11-29,Little Avo Toast,0,0,0,0
2025-11-29,Little Bean Toas,0,0,0,0
2025-11-29,Little Egg Toast,0,0,0,0
2025-11-29,Ltle Bfast Bacon,1,1,0,0
2025-11-29,Ltle Bfast Saus,3,5,-2,2
2025-11-29,Mini Hash Browns,4,1,3,3
2025-11-29,Multiseed Toast Bread,3,1,2,2
2025-11-29,P.Eggs on Toast,6,7,-1,1
2025-11-29,Poached Egg,4,1,3,3
2025-11-29,Porridge,0,0,0,0
2025-11-29,Posh Beans,2,0,2,2
2025-11-29,S.Eggs on Toast,4,2,2,2
2025-11-29,Sausage,13,5,8,8
2025-11-29,Sausage Bap,18,16,2,2
2025-11-29,Scrambled Egg,2,1,1,1
2025-11-29,Sourdough Toast Bread,1,2,-1,1
2025-11-29,Streaky Bacon,0,0,0,0
2025-11-29,Tattie Scone,3,4,-1,1
2025-11-29,The Breakfast,52,37,15,15
2025-11-29,Toasted Teacake,19,8,11,11
2025-11-29,Tuna JP,3,1,2,2
2025-11-29,Tuna Mayo Mix,0,0,0,0
2025-11-29,Tuna Melt Panini,0,0,0,0
2025-11-29,Tuna Panini,0,0,0,0
2025-11-29,Tuna Toastie,3,4,-1,1
2025-11-29,Veg Sausage Bap,0,0,0,0
2025-11-29,Vegan Breakfast,1,2,-1,1
2025-11-29,Vegan Sausage,0,0,0,0
2025-11-29,Veggie Bap,1,0,1,1
2025-11-29,Veggie Breakfast,3,3,0,0
2025-11-29,White Toast Bread,48,38,10,10
2025-11-30,Avo & Hal Muffin,0,0,0,0
2025-11-30,"Avo, Egg & Bacon",3,4,-1,1
2025-11-30,"Avo, Feta & Tom",3,0,3,3
2025-11-30,Avocado on Toast,3,4,-1,1
2025-11-30,Bacon,6,15,-9,9
2025-11-30,Bacon Bap,19,26,-7,7
2025-11-30,Bacon Egg Brioch,3,4,-1,1
2025-11-30,Bacon Waffle,5,5,0,0
2025-11-30,Baked Beans,5,8,-3,3
2025-11-30,Baked Beans JP,0,0,0,0
2025-11-30,Bakery,61,79,-18,18
2025-11-30,Bean Soldiers,1,1,0,0
2025-11-30,Big Breakfast,25,28,-3,3
2025-11-30,Black Pudding,4,3,1,1
2025-11-30,Breakfast Hash,1,1,0,0
2025-11-30,Breakfast Muffin,5,4,1,1
2025-11-30,Breakfast Wrap,0,0,0,0
2025-11-30,Brown Toast Bread,9,7,2,2
2025-11-30,Buttd Mushrooms,3,3,0,0
2025-11-30,Cheese & Bean JP,1,0,1,1
2025-11-30,Cheese JP,0,0,0,0
2025-11-30,Chick Flatbread,2,0,2,2
2025-11-30,Chicken Club,4,0,4,4
2025-11-30,Chilli Carne JP,2,1,1,1
2025-11-30,Egg Bacon Brioch,0,0,0,0
2025-11-30,Egg Bap,2,1,1,1
2025-11-30,Extra Beans,3,0,3,3
2025-11-30,F.Eggs on Toast,2,0,2,2
2025-11-30,Festive Stack,0,3,-3,3
2025-11-30,Fried Egg,12,18,-6,6
2025-11-30,Hash Brown,5,2,3,3
2025-11-30,Hash Brown Bites,0,0,0,0
2025-11-30,Little Avo Toast,0,0,0,0
2025-11-30,Little Bean Toas,0,0,0,0
2025-11-30,Little Egg Toast,0,0,0,0
2025-11-30,Ltle Bfast Bacon,1,0,1,1
2025-11-30,Ltle Bfast Saus,3,5,-2,2
2025-11-30,Mini Hash Browns,3,2,1,1
2025-11-30,Multiseed Toast Bread,3,2,1,1
2025-11-30,P.Eggs on Toast,5,5,0,0
2025-11-30,Poached Egg,4,3,1,1
2025-11-30,Porridge,0,0,0,0
2025-11-30,Posh Beans,1,2,-1,1
2025-11-30,S.Eggs on Toast,3,5,-2,2
2025-11-30,Sausage,12,18,-6,6
2025-11-30,Sausage Bap,15,12,3,3
2025-11-30,Scrambled Egg,2,3,-1,1
2025-11-30,Sourdough Toast Bread,1,2,-1,1
2025-11-30,Streaky Bacon,0,0,0,0
2025-11-30,Tattie Scone,3,3,0,0
2025-11-30,The Breakfast,43,53,-10,10
2025-11-30,Toasted Teacake,16,6,10,10
2025-11-30,Tuna JP,3,4,-1,1
2025-11-30,Tuna Mayo Mix,0,0,0,0
2025-11-30,Tuna Melt Panini,0,0,0,0
2025-11-30,Tuna Panini,0,0,0,0
2025-11-30,Tuna Toastie,3,1,2,2
2025-11-30,Veg Sausage Bap,0,0,0,0
2025-11-30,Vegan Breakfast,1,0,1,1
2025-11-30,Vegan Sausage,0,0,0,0
2025-11-30,Veggie Bap,0,1,-1,1
2025-11-30,Veggie Breakfast,3,6,-3,3
2025-11-30,White Toast Bread,42,34,8,8
