Date,Product_Name,Forecast
2026-01-01,Avo & Hal Muffin,0
2026-01-01,"Avo, Egg & Bacon",3
2026-01-01,"Avo, Feta & Tom",2
2026-01-01,Avocado on Toast,2
2026-01-01,Bacon,6
2026-01-01,Bacon Bap,13
2026-01-01,Bacon Egg Brioch,2
2026-01-01,Bacon Waffle,3
2026-01-01,Baked Beans,4
2026-01-01,Baked Beans JP,0
2026-01-01,Bakery,47
2026-01-01,Bean Soldiers,0
2026-01-01,Big Breakfast,15
2026-01-01,Black Pudding,2
2026-01-01,Breakfast Hash,1
2026-01-01,Breakfast Muffin,3
2026-01-01,Breakfast Wrap,0
2026-01-01,Brown Toast Bread,9
2026-01-01,Buttd Mushrooms,2
2026-01-01,Cheese & Bean JP,1
2026-01-01,Cheese JP,0
2026-01-01,Chick Flatbread,0
2026-01-01,Chicken Club,0
2026-01-01,Chilli Carne JP,2
2026-01-01,Egg Bacon Brioch,0
2026-01-01,Egg Bap,2
2026-01-01,Extra Beans,0
2026-01-01,F.Eggs on Toast,1
2026-01-01,Festive Stack,4
2026-01-01,Fried Egg,7
2026-01-01,Hash Brown,4
2026-01-01,Hash Brown Bites,0
2026-01-01,Little Avo Toast,0
2026-01-01,Little Bean Toas,0
2026-01-01,Little Egg Toast,0
2026-01-01,Ltle Bfast Bacon,1
2026-01-01,Ltle Bfast Saus,2
2026-01-01,Mini Hash Browns,1
2026-01-01,Multiseed Toast Bread,3
2026-01-01,P.Eggs on Toast,7
2026-01-01,Poached Egg,4
2026-01-01,Porridge,0
2026-01-01,Posh Beans,1
2026-01-01,,16
2026-01-01,S.Eggs on Toast,3
2026-01-01,Sausage,6
2026-01-01,Sausage Bap,11
2026-01-01,Scrambled Egg,1
2026-01-01,Sourdough Toast Bread,1
2026-01-01,Streaky Bacon,0
2026-01-01,Tattie Scone,2
2026-01-01,The Breakfast,23
2026-01-01,Toasted Teacake,9
2026-01-01,Tuna JP,2
2026-01-01,Tuna Mayo Mix,0
2026-01-01,Tuna Melt Panini,0
2026-01-01,Tuna Panini,0
2026-01-01,Tuna Toastie,3
2026-01-01,Veg Sausage Bap,0
2026-01-01,Vegan Breakfast,1
2026-01-01,Vegan Sausage,0
2026-01-01,Veggie Bap,0
2026-01-01,Veggie Breakfast,2
2026-01-01,White Toast Bread,24
2026-01-02,Avo & Hal Muffin,0
2026-01-02,"Avo, Egg & Bacon",3
2026-01-02,"Avo, Feta & Tom",3
2026-01-02,Avocado on Toast,2
2026-01-02,Bacon,7
2026-01-02,Bacon Bap,18
2026-01-02,Bacon Egg Brioch,2
2026-01-02,Bacon Waffle,3
2026-01-02,Baked Beans,4
2026-01-02,Baked Beans JP,0
2026-01-02,Bakery,53
2026-01-02,Bean Soldiers,0
2026-01-02,Big Breakfast,19
2026-01-02,Black Pudding,2
2026-01-02,Breakfast Hash,1
2026-01-02,Breakfast Muffin,3
2026-01-02,Breakfast Wrap,0
2026-01-02,Brown Toast Bread,9
2026-01-02,Buttd Mushrooms,2
2026-01-02,Cheese & Bean JP,1
2026-01-02,Cheese JP,0
2026-01-02,Chick Flatbread,0
2026-01-02,Chicken Club,0
2026-01-02,Chilli Carne JP,2
2026-01-02,Egg Bacon Brioch,0
2026-01-02,Egg Bap,2
2026-01-02,Extra Beans,0
2026-01-02,F.Eggs on Toast,2
2026-01-02,Festive Stack,4
2026-01-02,Fried Egg,8
2026-01-02,Hash Brown,5
2026-01-02,Hash Brown Bites,0
2026-01-02,Little Avo Toast,0
2026-01-02,Little Bean Toas,0
2026-01-02,Little Egg Toast,0
2026-01-02,Ltle Bfast Bacon,1
2026-01-02,Ltle Bfast Saus,2
2026-01-02,Mini Hash Browns,2
2026-01-02,Multiseed Toast Bread,3
2026-01-02,P.Eggs on Toast,7
2026-01-02,Poached Egg,4
2026-01-02,Porridge,0
2026-01-02,Posh Beans,1
2026-01-02,,20
2026-01-02,S.Eggs on Toast,4
2026-01-02,Sausage,7
2026-01-02,Sausage Bap,13
2026-01-02,Scrambled Egg,2
2026-01-02,Sourdough Toast Bread,1
2026-01-02,Streaky Bacon,0
2026-01-02,Tattie Scone,2
2026-01-02,The Breakfast,29
2026-01-02,Toasted Teacake,10
2026-01-02,Tuna JP,2
2026-01-02,Tuna Mayo Mix,0
2026-01-02,Tuna Melt Panini,0
2026-01-02,Tuna Panini,0
2026-01-02,Tuna Toastie,3
2026-01-02,Veg Sausage Bap,0
2026-01-02,Vegan Breakfast,1
2026-01-02,Vegan Sausage,0
2026-01-02,Veggie Bap,0
2026-01-02,Veggie Breakfast,2
2026-01-02,White Toast Bread,30
2026-01-03,Avo & Hal Muffin,0
2026-01-03,"Avo, Egg & Bacon",4
2026-01-03,"Avo, Feta & Tom",3
2026-01-03,Avocado on Toast,2
2026-01-03,Bacon,9
2026-01-03,Bacon Bap,19
2026-01-03,Bacon Egg Brioch,2
2026-01-03,Bacon Waffle,5
2026-01-03,Baked Beans,6
2026-01-03,Baked Beans JP,1
2026-01-03,Bakery,60
2026-01-03,Bean Soldiers,0
2026-01-03,Big Breakfast,24
2026-01-03,Black Pudding,4
2026-01-03,Breakfast Hash,1
2026-01-03,Breakfast Muffin,4
2026-01-03,Breakfast Wrap,0
2026-01-03,Brown Toast Bread,9
2026-01-03,Buttd Mushrooms,2
2026-01-03,Cheese & Bean JP,2
2026-01-03,Cheese JP,0
2026-01-03,Chick Flatbread,0
2026-01-03,Chicken Club,0
2026-01-03,Chilli Carne JP,2
2026-01-03,Egg Bacon Brioch,0
2026-01-03,Egg Bap,2
2026-01-03,Extra Beans,0
2026-01-03,F.Eggs on Toast,2
2026-01-03,Festive Stack,5
2026-01-03,Fried Egg,9
2026-01-03,Hash Brown,7
2026-01-03,Hash Brown Bites,0
2026-01-03,Little Avo Toast,0
2026-01-03,Little Bean Toas,0
2026-01-03,Little Egg Toast,0
2026-01-03,Ltle Bfast Bacon,1
2026-01-03,Ltle Bfast Saus,3
2026-01-03,Mini Hash Browns,2
2026-01-03,Multiseed Toast Bread,4
2026-01-03,P.Eggs on Toast,7
2026-01-03,Poached Egg,5
2026-01-03,Porridge,0
2026-01-03,Posh Beans,2
2026-01-03,,28
2026-01-03,S.Eggs on Toast,4
2026-01-03,Sausage,12
2026-01-03,Sausage Bap,17
2026-01-03,Scrambled Egg,2
2026-01-03,Sourdough Toast Bread,2
2026-01-03,Streaky Bacon,0
2026-01-03,Tattie Scone,4
2026-01-03,The Breakfast,43
2026-01-03,Toasted Teacake,8
2026-01-03,Tuna JP,2
2026-01-03,Tuna Mayo Mix,0
2026-01-03,Tuna Melt Panini,0
2026-01-03,Tuna Panini,0
2026-01-03,Tuna Toastie,4
2026-01-03,Veg Sausage Bap,0
2026-01-03,Vegan Breakfast,1
2026-01-03,Vegan Sausage,0
2026-01-03,Veggie Bap,1
2026-01-03,Veggie Breakfast,3
2026-01-03,White Toast Bread,40
2026-01-04,Avo & Hal Muffin,0
2026-01-04,"Avo, Egg & Bacon",4
2026-01-04,"Avo, Feta & Tom",3
2026-01-04,Avocado on Toast,2
2026-01-04,Bacon,9
2026-01-04,Bacon Bap,17
2026-01-04,Bacon Egg Brioch,2
2026-01-04,Bacon Waffle,5
2026-01-04,Baked Beans,6
2026-01-04,Baked Beans JP,0
2026-01-04,Bakery,51
2026-01-04,Bean Soldiers,0
2026-01-04,Big Breakfast,29
2026-01-04,Black Pudding,5
2026-01-04,Breakfast Hash,2
2026-01-04,Breakfast Muffin,5
2026-01-04,Breakfast Wrap,0
2026-01-04,Brown Toast Bread,10
2026-01-04,Buttd Mushrooms,2
2026-01-04,Cheese & Bean JP,2
2026-01-04,Cheese JP,0
2026-01-04,Chick Flatbread,0
2026-01-04,Chicken Club,0
2026-01-04,Chilli Carne JP,2
2026-01-04,Egg Bacon Brioch,0
2026-01-04,Egg Bap,2
2026-01-04,Extra Beans,0
2026-01-04,F.Eggs on Toast,2
2026-01-04,Festive Stack,5
2026-01-04,Fried Egg,10
2026-01-04,Hash Brown,7
2026-01-04,Hash Brown Bites,0
2026-01-04,Little Avo Toast,0
2026-01-04,Little Bean Toas,0
2026-01-04,Little Egg Toast,0
2026-01-04,Ltle Bfast Bacon,1
2026-01-04,Ltle Bfast Saus,2
2026-01-04,Mini Hash Browns,2
2026-01-04,Multiseed Toast Bread,3
2026-01-04,P.Eggs on Toast,6
2026-01-04,Poached Egg,6
2026-01-04,Porridge,0
2026-01-04,Posh Beans,2
2026-01-04,,23
2026-01-04,S.Eggs on Toast,4
2026-01-04,Sausage,11
2026-01-04,Sausage Bap,13
2026-01-04,Scrambled Egg,2
2026-01-04,Sourdough Toast Bread,2
2026-01-04,Streaky Bacon,0
2026-01-04,Tattie Scone,4
2026-01-04,The Breakfast,40
2026-01-04,Toasted Teacake,7
2026-01-04,Tuna JP,2
2026-01-04,Tuna Mayo Mix,0
2026-01-04,Tuna Melt Panini,0
2026-01-04,Tuna Panini,0
2026-01-04,Tuna Toastie,4
2026-01-04,Veg Sausage Bap,0
2026-01-04,Vegan Breakfast,1
2026-01-04,Vegan Sausage,0
2026-01-04,Veggie Bap,1
2026-01-04,Veggie Breakfast,3
2026-01-04,White Toast Bread,38
2026-01-05,Avo & Hal Muffin,0
2026-01-05,"Avo, Egg & Bacon",3
2026-01-05,"Avo, Feta & Tom",2
2026-01-05,Avocado on Toast,2
2026-01-05,Bacon,6
2026-01-05,Bacon Bap,15
2026-01-05,Bacon Egg Brioch,2
2026-01-05,Bacon Waffle,4
2026-01-05,Baked Beans,5
2026-01-05,Baked Beans JP,0
2026-01-05,Bakery,44
2026-01-05,Bean Soldiers,0
2026-01-05,Big Breakfast,15
2026-01-05,Black Pudding,1
2026-01-05,Breakfast Hash,1
2026-01-05,Breakfast Muffin,3
2026-01-05,Breakfast Wrap,0
2026-01-05,Brown Toast Bread,6
2026-01-05,Buttd Mushrooms,2
2026-01-05,Cheese & Bean JP,1
2026-01-05,Cheese JP,0
2026-01-05,Chick Flatbread,0
2026-01-05,Chicken Club,0
2026-01-05,Chilli Carne JP,2
2026-01-05,Egg Bacon Brioch,0
2026-01-05,Egg Bap,1
2026-01-05,Extra Beans,0
2026-01-05,F.Eggs on Toast,1
2026-01-05,Festive Stack,4
2026-01-05,Fried Egg,7
2026-01-05,Hash Brown,4
2026-01-05,Hash Brown Bites,0
2026-01-05,Little Avo Toast,0
2026-01-05,Little Bean Toas,0
2026-01-05,Little Egg Toast,0
2026-01-05,Ltle Bfast Bacon,1
2026-01-05,Ltle Bfast Saus,2
2026-01-05,Mini Hash Browns,1
2026-01-05,Multiseed Toast Bread,2
2026-01-05,P.Eggs on Toast,5
2026-01-05,Poached Egg,3
2026-01-05,Porridge,0
2026-01-05,Posh Beans,1
2026-01-05,,21
2026-01-05,S.Eggs on Toast,3
2026-01-05,Sausage,7
2026-01-05,Sausage Bap,11
2026-01-05,Scrambled Egg,1
2026-01-05,Sourdough Toast Bread,2
2026-01-05,Streaky Bacon,0
2026-01-05,Tattie Scone,2
2026-01-05,The Breakfast,25
2026-01-05,Toasted Teacake,9
2026-01-05,Tuna JP,2
2026-01-05,Tuna Mayo Mix,0
2026-01-05,Tuna Melt Panini,0
2026-01-05,Tuna Panini,0
2026-01-05,Tuna Toastie,3
2026-01-05,Veg Sausage Bap,0
2026-01-05,Vegan Breakfast,1
2026-01-05,Vegan Sausage,0
2026-01-05,Veggie Bap,0
2026-01-05,Veggie Breakfast,2
2026-01-05,White Toast Bread,25
2026-01-06,Avo & Hal Muffin,0
2026-01-06,"Avo, Egg & Bacon",3
2026-01-06,"Avo, Feta & Tom",2
2026-01-06,Avocado on Toast,2
2026-01-06,Bacon,7
2026-01-06,Bacon Bap,13
2026-01-06,Bacon Egg Brioch,1
2026-01-06,Bacon Waffle,3
2026-01-06,Baked Beans,5
2026-01-06,Baked Beans JP,0
2026-01-06,Bakery,47
2026-01-06,Bean Soldiers,0
2026-01-06,Big Breakfast,14
2026-01-06,Black Pudding,2
2026-01-06,Breakfast Hash,1
2026-01-06,Breakfast Muffin,3
2026-01-06,Breakfast Wrap,0
2026-01-06,Brown Toast Bread,6
2026-01-06,Buttd Mushrooms,2
2026-01-06,Cheese & Bean JP,1
2026-01-06,Cheese JP,0
2026-01-06,Chick Flatbread,0
2026-01-06,Chicken Club,0
2026-01-06,Chilli Carne JP,1
2026-01-06,Egg Bacon Brioch,0
2026-01-06,Egg Bap,1
2026-01-06,Extra Beans,0
2026-01-06,F.Eggs on Toast,1
2026-01-06,Festive Stack,4
2026-01-06,Fried Egg,6
2026-01-06,Hash Brown,5
2026-01-06,Hash Brown Bites,0
2026-01-06,Little Avo Toast,0
2026-01-06,Little Bean Toas,0
2026-01-06,Little Egg Toast,0
2026-01-06,Ltle Bfast Bacon,1
2026-01-06,Ltle Bfast Saus,2
2026-01-06,Mini Hash Browns,1
2026-01-06,Multiseed Toast Bread,2
2026-01-06,P.Eggs on Toast,5
2026-01-06,Poached Egg,4
2026-01-06,Porridge,0
2026-01-06,Posh Beans,1
2026-01-06,,22
2026-01-06,S.Eggs on Toast,3
2026-01-06,Sausage,6
2026-01-06,Sausage Bap,11
2026-01-06,Scrambled Egg,1
2026-01-06,Sourdough Toast Bread,1
2026-01-06,Streaky Bacon,0
2026-01-06,Tattie Scone,2
2026-01-06,The Breakfast,28
2026-01-06,Toasted Teacake,9
2026-01-06,Tuna JP,2
2026-01-06,Tuna Mayo Mix,0
2026-01-06,Tuna Melt Panini,0
2026-01-06,Tuna Panini,0
2026-01-06,Tuna Toastie,3
2026-01-06,Veg Sausage Bap,0
2026-01-06,Vegan Breakfast,0
2026-01-06,Vegan Sausage,0
2026-01-06,Veggie Bap,0
2026-01-06,Veggie Breakfast,2
2026-01-06,White Toast Bread,23
2026-01-07,Avo & Hal Muffin,0
2026-01-07,"Avo, Egg & Bacon",4
2026-01-07,"Avo, Feta & Tom",2
2026-01-07,Avocado on Toast,2
2026-01-07,Bacon,6
2026-01-07,Bacon Bap,13
2026-01-07,Bacon Egg Brioch,1
2026-01-07,Bacon Waffle,3
2026-01-07,Baked Beans,6
2026-01-07,Baked Beans JP,0
2026-01-07,Bakery,45
2026-01-07,Bean Soldiers,0
2026-01-07,Big Breakfast,14
2026-01-07,Black Pudding,2
2026-01-07,Breakfast Hash,1
2026-01-07,Breakfast Muffin,3
2026-01-07,Breakfast Wrap,0
2026-01-07,Brown Toast Bread,7
2026-01-07,Buttd Mushrooms,2
2026-01-07,Cheese & Bean JP,1
2026-01-07,Cheese JP,0
2026-01-07,Chick Flatbread,0
2026-01-07,Chicken Club,0
2026-01-07,Chilli Carne JP,1
2026-01-07,Egg Bacon Brioch,0
2026-01-07,Egg Bap,1
2026-01-07,Extra Beans,0
2026-01-07,F.Eggs on Toast,1
2026-01-07,Festive Stack,4
2026-01-07,Fried Egg,7
2026-01-07,Hash Brown,4
2026-01-07,Hash Brown Bites,0
2026-01-07,Little Avo Toast,0
2026-01-07,Little Bean Toas,0
2026-01-07,Little Egg Toast,0
2026-01-07,Ltle Bfast Bacon,1
2026-01-07,Ltle Bfast Saus,2
2026-01-07,Mini Hash Browns,1
2026-01-07,Multiseed Toast Bread,3
2026-01-07,P.Eggs on Toast,6
2026-01-07,Poached Egg,4
2026-01-07,Porridge,0
2026-01-07,Posh Beans,1
2026-01-07,,23
2026-01-07,S.Eggs on Toast,3
2026-01-07,Sausage,6
2026-01-07,Sausage Bap,11
2026-01-07,Scrambled Egg,1
2026-01-07,Sourdough Toast Bread,1
2026-01-07,Streaky Bacon,0
2026-01-07,Tattie Scone,2
2026-01-07,The Breakfast,26
2026-01-07,Toasted Teacake,7
2026-01-07,Tuna JP,2
2026-01-07,Tuna Mayo Mix,0
2026-01-07,Tuna Melt Panini,0
2026-01-07,Tuna Panini,0
2026-01-07,Tuna Toastie,3
2026-01-07,Veg Sausage Bap,0
2026-01-07,Vegan Breakfast,0
2026-01-07,Vegan Sausage,0
2026-01-07,Veggie Bap,0
2026-01-07,Veggie Breakfast,2
2026-01-07,White Toast Bread,24
2026-01-08,Avo & Hal Muffin,0
2026-01-08,"Avo, Egg & Bacon",3
2026-01-08,"Avo, Feta & Tom",2
2026-01-08,Avocado on Toast,2
2026-01-08,Bacon,6
2026-01-08,Bacon Bap,15
2026-01-08,Bacon Egg Brioch,2
2026-01-08,Bacon Waffle,4
2026-01-08,Baked Beans,6
2026-01-08,Baked Beans JP,0
2026-01-08,Bakery,41
2026-01-08,Bean Soldiers,0
2026-01-08,Big Breakfast,15
2026-01-08,Black Pudding,2
2026-01-08,Breakfast Hash,1
2026-01-08,Breakfast Muffin,3
2026-01-08,Breakfast Wrap,0
2026-01-08,Brown Toast Bread,8
2026-01-08,Buttd Mushrooms,1
2026-01-08,Cheese & Bean JP,1
2026-01-08,Cheese JP,0
2026-01-08,Chick Flatbread,0
2026-01-08,Chicken Club,0
2026-01-08,Chilli Carne JP,1
2026-01-08,Egg Bacon Brioch,0
2026-01-08,Egg Bap,1
2026-01-08,Extra Beans,0
2026-01-08,F.Eggs on Toast,1
2026-01-08,Festive Stack,4
2026-01-08,Fried Egg,8
2026-01-08,Hash Brown,4
2026-01-08,Hash Brown Bites,0
2026-01-08,Little Avo Toast,0
2026-01-08,Little Bean Toas,0
2026-01-08,Little Egg Toast,0
2026-01-08,Ltle Bfast Bacon,1
2026-01-08,Ltle Bfast Saus,2
2026-01-08,Mini Hash Browns,1
2026-01-08,Multiseed Toast Bread,3
2026-01-08,P.Eggs on Toast,7
2026-01-08,Poached Egg,4
2026-01-08,Porridge,0
2026-01-08,Posh Beans,1
2026-01-08,,24
2026-01-08,S.Eggs on Toast,3
2026-01-08,Sausage,6
2026-01-08,Sausage Bap,12
2026-01-08,Scrambled Egg,1
2026-01-08,Sourdough Toast Bread,1
2026-01-08,Streaky Bacon,0
2026-01-08,Tattie Scone,2
2026-01-08,The Breakfast,20
2026-01-08,Toasted Teacake,8
2026-01-08,Tuna JP,2
2026-01-08,Tuna Mayo Mix,0
2026-01-08,Tuna Melt Panini,0
2026-01-08,Tuna Panini,0
2026-01-08,Tuna Toastie,3
2026-01-08,Veg Sausage Bap,0
2026-01-08,Vegan Breakfast,1
2026-01-08,Vegan Sausage,0
2026-01-08,Veggie Bap,0
2026-01-08,Veggie Breakfast,2
2026-01-08,White Toast Bread,22
2026-01-09,Avo & Hal Muffin,0
2026-01-09,"Avo, Egg & Bacon",3
2026-01-09,"Avo, Feta & Tom",2
2026-01-09,Avocado on Toast,2
2026-01-09,Bacon,7
2026-01-09,Bacon Bap,17
2026-01-09,Bacon Egg Brioch,2
2026-01-09,Bacon Waffle,4
2026-01-09,Baked Beans,6
2026-01-09,Baked Beans JP,0
2026-01-09,Bakery,51
2026-01-09,Bean Soldiers,0
2026-01-09,Big Breakfast,16
2026-01-09,Black Pudding,2
2026-01-09,Breakfast Hash,1
2026-01-09,Breakfast Muffin,3
2026-01-09,Breakfast Wrap,0
2026-01-09,Brown Toast Bread,9
2026-01-09,Buttd Mushrooms,2
2026-01-09,Cheese & Bean JP,1
2026-01-09,Cheese JP,0
2026-01-09,Chick Flatbread,0
2026-01-09,Chicken Club,0
2026-01-09,Chilli Carne JP,2
2026-01-09,Egg Bacon Brioch,0
2026-01-09,Egg Bap,2
2026-01-09,Extra Beans,0
2026-01-09,F.Eggs on Toast,1
2026-01-09,Festive Stack,4
2026-01-09,Fried Egg,9
2026-01-09,Hash Brown,5
2026-01-09,Hash Brown Bites,0
2026-01-09,Little Avo Toast,0
2026-01-09,Little Bean Toas,0
2026-01-09,Little Egg Toast,0
2026-01-09,Ltle Bfast Bacon,1
2026-01-09,Ltle Bfast Saus,2
2026-01-09,Mini Hash Browns,2
2026-01-09,Multiseed Toast Bread,3
2026-01-09,P.Eggs on Toast,7
2026-01-09,Poached Egg,4
2026-01-09,Porridge,0
2026-01-09,Posh Beans,1
2026-01-09,,28
2026-01-09,S.Eggs on Toast,4
2026-01-09,Sausage,7
2026-01-09,Sausage Bap,13
2026-01-09,Scrambled Egg,1
2026-01-09,Sourdough Toast Bread,1
2026-01-09,Streaky Bacon,0
2026-01-09,Tattie Scone,2
2026-01-09,The Breakfast,31
2026-01-09,Toasted Teacake,10
2026-01-09,Tuna JP,2
2026-01-09,Tuna Mayo Mix,0
2026-01-09,Tuna Melt Panini,0
2026-01-09,Tuna Panini,0
2026-01-09,Tuna Toastie,3
2026-01-09,Veg Sausage Bap,0
2026-01-09,Vegan Breakfast,1
2026-01-09,Vegan Sausage,0
2026-01-09,Veggie Bap,0
2026-01-09,Veggie Breakfast,2
2026-01-09,White Toast Bread,29
2026-01-10,Avo & Hal Muffin,0
2026-01-10,"Avo, Egg & Bacon",4
2026-01-10,"Avo, Feta & Tom",3
2026-01-10,Avocado on Toast,2
2026-01-10,Bacon,9
2026-01-10,Bacon Bap,20
2026-01-10,Bacon Egg Brioch,2
2026-01-10,Bacon Waffle,6
2026-01-10,Baked Beans,7
2026-01-10,Baked Beans JP,0
2026-01-10,Bakery,58
2026-01-10,Bean Soldiers,0
2026-01-10,Big Breakfast,22
2026-01-10,Black Pudding,4
2026-01-10,Breakfast Hash,1
2026-01-10,Breakfast Muffin,5
2026-01-10,Breakfast Wrap,0
2026-01-10,Brown Toast Bread,10
2026-01-10,Buttd Mushrooms,2
2026-01-10,Cheese & Bean JP,2
2026-01-10,Cheese JP,0
2026-01-10,Chick Flatbread,0
2026-01-10,Chicken Club,0
2026-01-10,Chilli Carne JP,2
2026-01-10,Egg Bacon Brioch,0
2026-01-10,Egg Bap,2
2026-01-10,Extra Beans,0
2026-01-10,F.Eggs on Toast,2
2026-01-10,Festive Stack,5
2026-01-10,Fried Egg,10
2026-01-10,Hash Brown,6
2026-01-10,Hash Brown Bites,0
2026-01-10,Little Avo Toast,0
2026-01-10,Little Bean Toas,0
2026-01-10,Little Egg Toast,0
2026-01-10,Ltle Bfast Bacon,1
2026-01-10,Ltle Bfast Saus,3
2026-01-10,Mini Hash Browns,2
2026-01-10,Multiseed Toast Bread,4
2026-01-10,P.Eggs on Toast,8
2026-01-10,Poached Egg,5
2026-01-10,Porridge,0
2026-01-10,Posh Beans,2
2026-01-10,,39
2026-01-10,S.Eggs on Toast,4
2026-01-10,Sausage,12
2026-01-10,Sausage Bap,14
2026-01-10,Scrambled Egg,2
2026-01-10,Sourdough Toast Bread,2
2026-01-10,Streaky Bacon,0
2026-01-10,Tattie Scone,4
2026-01-10,The Breakfast,47
2026-01-10,Toasted Teacake,8
2026-01-10,Tuna JP,2
2026-01-10,Tuna Mayo Mix,0
2026-01-10,Tuna Melt Panini,0
2026-01-10,Tuna Panini,0
2026-01-10,Tuna Toastie,4
2026-01-10,Veg Sausage Bap,0
2026-01-10,Vegan Breakfast,1
2026-01-10,Vegan Sausage,0
2026-01-10,Veggie Bap,0
2026-01-10,Veggie Breakfast,3
2026-01-10,White Toast Bread,39
2026-01-11,Avo & Hal Muffin,0
2026-01-11,"Avo, Egg & Bacon",4
2026-01-11,"Avo, Feta & Tom",3
2026-01-11,Avocado on Toast,3
2026-01-11,Bacon,10
2026-01-11,Bacon Bap,18
2026-01-11,Bacon Egg Brioch,2
2026-01-11,Bacon Waffle,5
2026-01-11,Baked Beans,7
2026-01-11,Baked Beans JP,0
2026-01-11,Bakery,49
2026-01-11,Bean Soldiers,0
2026-01-11,Big Breakfast,29
2026-01-11,Black Pudding,5
2026-01-11,Breakfast Hash,1
2026-01-11,Breakfast Muffin,5
2026-01-11,Breakfast Wrap,0
2026-01-11,Brown Toast Bread,11
2026-01-11,Buttd Mushrooms,2
2026-01-11,Cheese & Bean JP,1
2026-01-11,Cheese JP,0
2026-01-11,Chick Flatbread,0
2026-01-11,Chicken Club,0
2026-01-11,Chilli Carne JP,2
2026-01-11,Egg Bacon Brioch,0
2026-01-11,Egg Bap,2
2026-01-11,Extra Beans,0
2026-01-11,F.Eggs on Toast,1
2026-01-11,Festive Stack,5
2026-01-11,Fried Egg,11
2026-01-11,Hash Brown,7
2026-01-11,Hash Brown Bites,0
2026-01-11,Little Avo Toast,0
2026-01-11,Little Bean Toas,0
2026-01-11,Little Egg Toast,0
2026-01-11,Ltle Bfast Bacon,1
2026-01-11,Ltle Bfast Saus,3
2026-01-11,Mini Hash Browns,2
2026-01-11,Multiseed Toast Bread,3
2026-01-11,P.Eggs on Toast,8
2026-01-11,Poached Egg,6
2026-01-11,Porridge,0
2026-01-11,Posh Beans,2
2026-01-11,,32
2026-01-11,S.Eggs on Toast,4
2026-01-11,Sausage,12
2026-01-11,Sausage Bap,13
2026-01-11,Scrambled Egg,2
2026-01-11,Sourdough Toast Bread,2
2026-01-11,Streaky Bacon,0
2026-01-11,Tattie Scone,3
2026-01-11,The Breakfast,41
2026-01-11,Toasted Teacake,8
2026-01-11,Tuna JP,2
2026-01-11,Tuna Mayo Mix,0
2026-01-11,Tuna Melt Panini,0
2026-01-11,Tuna Panini,0
2026-01-11,Tuna Toastie,4
2026-01-11,Veg Sausage Bap,0
2026-01-11,Vegan Breakfast,1
2026-01-11,Vegan Sausage,0
2026-01-11,Veggie Bap,0
2026-01-11,Veggie Breakfast,4
2026-01-11,White Toast Bread,41
2026-01-12,Avo & Hal Muffin,0
2026-01-12,"Avo, Egg & Bacon",3
2026-01-12,"Avo, Feta & Tom",2
2026-01-12,Avocado on Toast,2
2026-01-12,Bacon,6
2026-01-12,Bacon Bap,16
2026-01-12,Bacon Egg Brioch,2
2026-01-12,Bacon Waffle,4
2026-01-12,Baked Beans,5
2026-01-12,Baked Beans JP,0
2026-01-12,Bakery,47
2026-01-12,Bean Soldiers,0
2026-01-12,Big Breakfast,15
2026-01-12,Black Pudding,2
2026-01-12,Breakfast Hash,1
2026-01-12,Breakfast Muffin,3
2026-01-12,Breakfast Wrap,0
2026-01-12,Brown Toast Bread,8
2026-01-12,Buttd Mushrooms,2
2026-01-12,Cheese & Bean JP,1
2026-01-12,Cheese JP,0
2026-01-12,Chick Flatbread,0
2026-01-12,Chicken Club,0
2026-01-12,Chilli Carne JP,2
2026-01-12,Egg Bacon Brioch,0
2026-01-12,Egg Bap,1
2026-01-12,Extra Beans,0
2026-01-12,F.Eggs on Toast,1
2026-01-12,Festive Stack,4
2026-01-12,Fried Egg,7
2026-01-12,Hash Brown,4
2026-01-12,Hash Brown Bites,0
2026-01-12,Little Avo Toast,0
2026-01-12,Little Bean Toas,0
2026-01-12,Little Egg Toast,0
2026-01-12,Ltle Bfast Bacon,1
2026-01-12,Ltle Bfast Saus,2
2026-01-12,Mini Hash Browns,2
2026-01-12,Multiseed Toast Bread,3
2026-01-12,P.Eggs on Toast,6
2026-01-12,Poached Egg,4
2026-01-12,Porridge,0
2026-01-12,Posh Beans,1
2026-01-12,,25
2026-01-12,S.Eggs on Toast,3
2026-01-12,Sausage,6
2026-01-12,Sausage Bap,11
2026-01-12,Scrambled Egg,1
2026-01-12,Sourdough Toast Bread,1
2026-01-12,Streaky Bacon,0
2026-01-12,Tattie Scone,2
2026-01-12,The Breakfast,22
2026-01-12,Toasted Teacake,10
2026-01-12,Tuna JP,2
2026-01-12,Tuna Mayo Mix,0
2026-01-12,Tuna Melt Panini,0
2026-01-12,Tuna Panini,0
2026-01-12,Tuna Toastie,3
2026-01-12,Veg Sausage Bap,0
2026-01-12,Vegan Breakfast,1
2026-01-12,Vegan Sausage,0
2026-01-12,Veggie Bap,0
2026-01-12,Veggie Breakfast,2
2026-01-12,White Toast Bread,25
2026-01-13,Avo & Hal Muffin,0
2026-01-13,"Avo, Egg & Bacon",3
2026-01-13,"Avo, Feta & Tom",2
2026-01-13,Avocado on Toast,2
2026-01-13,Bacon,6
2026-01-13,Bacon Bap,16
2026-01-13,Bacon Egg Brioch,2
2026-01-13,Bacon Waffle,4
2026-01-13,Baked Beans,6
2026-01-13,Baked Beans JP,0
2026-01-13,Bakery,46
2026-01-13,Bean Soldiers,0
2026-01-13,Big Breakfast,14
2026-01-13,Black Pudding,2
2026-01-13,Breakfast Hash,1
2026-01-13,Breakfast Muffin,3
2026-01-13,Breakfast Wrap,0
2026-01-13,Brown Toast Bread,8
2026-01-13,Buttd Mushrooms,2
2026-01-13,Cheese & Bean JP,1
2026-01-13,Cheese JP,0
2026-01-13,Chick Flatbread,0
2026-01-13,Chicken Club,0
2026-01-13,Chilli Carne JP,1
2026-01-13,Egg Bacon Brioch,0
2026-01-13,Egg Bap,1
2026-01-13,Extra Beans,0
2026-01-13,F.Eggs on Toast,1
2026-01-13,Festive Stack,4
2026-01-13,Fried Egg,7
2026-01-13,Hash Brown,5
2026-01-13,Hash Brown Bites,0
2026-01-13,Little Avo Toast,0
2026-01-13,Little Bean Toas,0
2026-01-13,Little Egg Toast,0
2026-01-13,Ltle Bfast Bacon,1
2026-01-13,Ltle Bfast Saus,2
2026-01-13,Mini Hash Browns,2
2026-01-13,Multiseed Toast Bread,3
2026-01-13,P.Eggs on Toast,6
2026-01-13,Poached Egg,4
2026-01-13,Porridge,0
2026-01-13,Posh Beans,1
2026-01-13,,26
2026-01-13,S.Eggs on Toast,3
2026-01-13,Sausage,5
2026-01-13,Sausage Bap,12
2026-01-13,Scrambled Egg,1
2026-01-13,Sourdough Toast Bread,1
2026-01-13,Streaky Bacon,0
2026-01-13,Tattie Scone,2
2026-01-13,The Breakfast,25
2026-01-13,Toasted Teacake,10
2026-01-13,Tuna JP,2
2026-01-13,Tuna Mayo Mix,0
2026-01-13,Tuna Melt Panini,0
2026-01-13,Tuna Panini,0
2026-01-13,Tuna Toastie,3
2026-01-13,Veg Sausage Bap,0
2026-01-13,Vegan Breakfast,0
2026-01-13,Vegan Sausage,0
2026-01-13,Veggie Bap,0
2026-01-13,Veggie Breakfast,2
2026-01-13,White Toast Bread,22
2026-01-14,Avo & Hal Muffin,0
2026-01-14,"Avo, Egg & Bacon",3
2026-01-14,"Avo, Feta & Tom",2
2026-01-14,Avocado on Toast,2
2026-01-14,Bacon,7
2026-01-14,Bacon Bap,16
2026-01-14,Bacon Egg Brioch,2
2026-01-14,Bacon Waffle,4
2026-01-14,Baked Beans,6
2026-01-14,Baked Beans JP,0
2026-01-14,Bakery,48
2026-01-14,Bean Soldiers,0
2026-01-14,Big Breakfast,14
2026-01-14,Black Pudding,2
2026-01-14,Breakfast Hash,1
2026-01-14,Breakfast Muffin,3
2026-01-14,Breakfast Wrap,0
2026-01-14,Brown Toast Bread,9
2026-01-14,Buttd Mushrooms,2
2026-01-14,Cheese & Bean JP,1
2026-01-14,Cheese JP,0
2026-01-14,Chick Flatbread,0
2026-01-14,Chicken Club,0
2026-01-14,Chilli Carne JP,1
2026-01-14,Egg Bacon Brioch,0
2026-01-14,Egg Bap,1
2026-01-14,Extra Beans,0
2026-01-14,F.Eggs on Toast,1
2026-01-14,Festive Stack,4
2026-01-14,Fried Egg,8
2026-01-14,Hash Brown,4
2026-01-14,Hash Brown Bites,0
2026-01-14,Little Avo Toast,0
2026-01-14,Little Bean Toas,0
2026-01-14,Little Egg Toast,0
2026-01-14,Ltle Bfast Bacon,1
2026-01-14,Ltle Bfast Saus,2
2026-01-14,Mini Hash Browns,2
2026-01-14,Multiseed Toast Bread,3
2026-01-14,P.Eggs on Toast,7
2026-01-14,Poached Egg,4
2026-01-14,Porridge,0
2026-01-14,Posh Beans,1
2026-01-14,,33
2026-01-14,S.Eggs on Toast,3
2026-01-14,Sausage,6
2026-01-14,Sausage Bap,11
2026-01-14,Scrambled Egg,1
2026-01-14,Sourdough Toast Bread,1
2026-01-14,Streaky Bacon,0
2026-01-14,Tattie Scone,2
2026-01-14,The Breakfast,27
2026-01-14,Toasted Teacake,9
2026-01-14,Tuna JP,2
2026-01-14,Tuna Mayo Mix,0
2026-01-14,Tuna Melt Panini,0
2026-01-14,Tuna Panini,0
2026-01-14,Tuna Toastie,3
2026-01-14,Veg Sausage Bap,0
2026-01-14,Vegan Breakfast,0
2026-01-14,Vegan Sausage,0
2026-01-14,Veggie Bap,0
2026-01-14,Veggie Breakfast,2
2026-01-14,White Toast Bread,23
2026-01-15,Avo & Hal Muffin,0
2026-01-15,"Avo, Egg & Bacon",3
2026-01-15,"Avo, Feta & Tom",2
2026-01-15,Avocado on Toast,2
2026-01-15,Bacon,7
2026-01-15,Bacon Bap,17
2026-01-15,Bacon Egg Brioch,2
2026-01-15,Bacon Waffle,4
2026-01-15,Baked Beans,6
2026-01-15,Baked Beans JP,0
2026-01-15,Bakery,44
2026-01-15,Bean Soldiers,0
2026-01-15,Big Breakfast,15
2026-01-15,Black Pudding,2
2026-01-15,Breakfast Hash,1
2026-01-15,Breakfast Muffin,3
2026-01-15,Breakfast Wrap,0
2026-01-15,Brown Toast Bread,9
2026-01-15,Buttd Mushrooms,2
2026-01-15,Cheese & Bean JP,1
2026-01-15,Cheese JP,0
2026-01-15,Chick Flatbread,0
2026-01-15,Chicken Club,0
2026-01-15,Chilli Carne JP,1
2026-01-15,Egg Bacon Brioch,0
2026-01-15,Egg Bap,1
2026-01-15,Extra Beans,0
2026-01-15,F.Eggs on Toast,1
2026-01-15,Festive Stack,4
2026-01-15,Fried Egg,9
2026-01-15,Hash Brown,5
2026-01-15,Hash Brown Bites,0
2026-01-15,Little Avo Toast,0
2026-01-15,Little Bean Toas,0
2026-01-15,Little Egg Toast,0
2026-01-15,Ltle Bfast Bacon,1
2026-01-15,Ltle Bfast Saus,2
2026-01-15,Mini Hash Browns,2
2026-01-15,Multiseed Toast Bread,3
2026-01-15,P.Eggs on Toast,8
2026-01-15,Poached Egg,5
2026-01-15,Porridge,0
2026-01-15,Posh Beans,1
2026-01-15,,34
2026-01-15,S.Eggs on Toast,3
2026-01-15,Sausage,6
2026-01-15,Sausage Bap,14
2026-01-15,Scrambled Egg,1
2026-01-15,Sourdough Toast Bread,1
2026-01-15,Streaky Bacon,0
2026-01-15,Tattie Scone,2
2026-01-15,The Breakfast,22
2026-01-15,Toasted Teacake,11
2026-01-15,Tuna JP,2
2026-01-15,Tuna Mayo Mix,0
2026-01-15,Tuna Melt Panini,0
2026-01-15,Tuna Panini,0
2026-01-15,Tuna Toastie,3
2026-01-15,Veg Sausage Bap,0
2026-01-15,Vegan Breakfast,1
2026-01-15,Vegan Sausage,0
2026-01-15,Veggie Bap,0
2026-01-15,Veggie Breakfast,2
2026-01-15,White Toast Bread,24
2026-01-16,Avo & Hal Muffin,0
2026-01-16,"Avo, Egg & Bacon",3
2026-01-16,"Avo, Feta & Tom",2
2026-01-16,Avocado on Toast,2
2026-01-16,Bacon,8
2026-01-16,Bacon Bap,19
2026-01-16,Bacon Egg Brioch,2
2026-01-16,Bacon Waffle,4
2026-01-16,Baked Beans,6
2026-01-16,Baked Beans JP,0
2026-01-16,Bakery,48
2026-01-16,Bean Soldiers,0
2026-01-16,Big Breakfast,17
2026-01-16,Black Pudding,2
2026-01-16,Breakfast Hash,1
2026-01-16,Breakfast Muffin,3
2026-01-16,Breakfast Wrap,0
2026-01-16,Brown Toast Bread,10
2026-01-16,Buttd Mushrooms,2
2026-01-16,Cheese & Bean JP,1
2026-01-16,Cheese JP,0
2026-01-16,Chick Flatbread,0
2026-01-16,Chicken Club,0
2026-01-16,Chilli Carne JP,2
2026-01-16,Egg Bacon Brioch,0
2026-01-16,Egg Bap,2
2026-01-16,Extra Beans,0
2026-01-16,F.Eggs on Toast,1
2026-01-16,Festive Stack,5
2026-01-16,Fried Egg,10
2026-01-16,Hash Brown,6
2026-01-16,Hash Brown Bites,0
2026-01-16,Little Avo Toast,0
2026-01-16,Little Bean Toas,0
2026-01-16,Little Egg Toast,0
2026-01-16,Ltle Bfast Bacon,1
2026-01-16,Ltle Bfast Saus,2
2026-01-16,Mini Hash Browns,2
2026-01-16,Multiseed Toast Bread,3
2026-01-16,P.Eggs on Toast,8
2026-01-16,Poached Egg,5
2026-01-16,Porridge,0
2026-01-16,Posh Beans,1
2026-01-16,,36
2026-01-16,S.Eggs on Toast,3
2026-01-16,Sausage,7
2026-01-16,Sausage Bap,16
2026-01-16,Scrambled Egg,1
2026-01-16,Sourdough Toast Bread,1
2026-01-16,Streaky Bacon,0
2026-01-16,Tattie Scone,2
2026-01-16,The Breakfast,31
2026-01-16,Toasted Teacake,11
2026-01-16,Tuna JP,2
2026-01-16,Tuna Mayo Mix,0
2026-01-16,Tuna Melt Panini,0
2026-01-16,Tuna Panini,0
2026-01-16,Tuna Toastie,3
2026-01-16,Veg Sausage Bap,0
2026-01-16,Vegan Breakfast,1
2026-01-16,Vegan Sausage,0
2026-01-16,Veggie Bap,0
2026-01-16,Veggie Breakfast,2
2026-01-16,White Toast Bread,29
2026-01-17,Avo & Hal Muffin,0
2026-01-17,"Avo, Egg & Bacon",4
2026-01-17,"Avo, Feta & Tom",3
2026-01-17,Avocado on Toast,3
2026-01-17,Bacon,10
2026-01-17,Bacon Bap,22
2026-01-17,Bacon Egg Brioch,2
2026-01-17,Bacon Waffle,6
2026-01-17,Baked Beans,7
2026-01-17,Baked Beans JP,0
2026-01-17,Bakery,56
2026-01-17,Bean Soldiers,0
2026-01-17,Big Breakfast,24
2026-01-17,Black Pudding,4
2026-01-17,Breakfast Hash,1
2026-01-17,Breakfast Muffin,5
2026-01-17,Breakfast Wrap,0
2026-01-17,Brown Toast Bread,11
2026-01-17,Buttd Mushrooms,2
2026-01-17,Cheese & Bean JP,1
2026-01-17,Cheese JP,0
2026-01-17,Chick Flatbread,0
2026-01-17,Chicken Club,0
2026-01-17,Chilli Carne JP,2
2026-01-17,Egg Bacon Brioch,0
2026-01-17,Egg Bap,2
2026-01-17,Extra Beans,0
2026-01-17,F.Eggs on Toast,2
2026-01-17,Festive Stack,5
2026-01-17,Fried Egg,12
2026-01-17,Hash Brown,7
2026-01-17,Hash Brown Bites,0
2026-01-17,Little Avo Toast,0
2026-01-17,Little Bean Toas,0
2026-01-17,Little Egg Toast,0
2026-01-17,Ltle Bfast Bacon,1
2026-01-17,Ltle Bfast Saus,3
2026-01-17,Mini Hash Browns,3
2026-01-17,Multiseed Toast Bread,3
2026-01-17,P.Eggs on Toast,9
2026-01-17,Poached Egg,5
2026-01-17,Porridge,0
2026-01-17,Posh Beans,2
2026-01-17,,46
2026-01-17,S.Eggs on Toast,4
2026-01-17,Sausage,13
2026-01-17,Sausage Bap,16
2026-01-17,Scrambled Egg,2
2026-01-17,Sourdough Toast Bread,2
2026-01-17,Streaky Bacon,0
2026-01-17,Tattie Scone,3
2026-01-17,The Breakfast,44
2026-01-17,Toasted Teacake,9
2026-01-17,Tuna JP,2
2026-01-17,Tuna Mayo Mix,0
2026-01-17,Tuna Melt Panini,0
2026-01-17,Tuna Panini,0
2026-01-17,Tuna Toastie,3
2026-01-17,Veg Sausage Bap,0
2026-01-17,Vegan Breakfast,1
2026-01-17,Vegan Sausage,0
2026-01-17,Veggie Bap,0
2026-01-17,Veggie Breakfast,3
2026-01-17,White Toast Bread,36
2026-01-18,Avo & Hal Muffin,0
2026-01-18,"Avo, Egg & Bacon",4
2026-01-18,"Avo, Feta & Tom",3
2026-01-18,Avocado on Toast,3
2026-01-18,Bacon,10
2026-01-18,Bacon Bap,18
2026-01-18,Bacon Egg Brioch,2
2026-01-18,Bacon Waffle,6
2026-01-18,Baked Beans,7
2026-01-18,Baked Beans JP,0
2026-01-18,Bakery,47
2026-01-18,Bean Soldiers,0
2026-01-18,Big Breakfast,28
2026-01-18,Black Pudding,5
2026-01-18,Breakfast Hash,1
2026-01-18,Breakfast Muffin,5
2026-01-18,Breakfast Wrap,0
2026-01-18,Brown Toast Bread,11
2026-01-18,Buttd Mushrooms,2
2026-01-18,Cheese & Bean JP,1
2026-01-18,Cheese JP,0
2026-01-18,Chick Flatbread,0
2026-01-18,Chicken Club,0
2026-01-18,Chilli Carne JP,2
2026-01-18,Egg Bacon Brioch,0
2026-01-18,Egg Bap,2
2026-01-18,Extra Beans,0
2026-01-18,F.Eggs on Toast,1
2026-01-18,Festive Stack,5
2026-01-18,Fried Egg,11
2026-01-18,Hash Brown,7
2026-01-18,Hash Brown Bites,0
2026-01-18,Little Avo Toast,0
2026-01-18,Little Bean Toas,0
2026-01-18,Little Egg Toast,0
2026-01-18,Ltle Bfast Bacon,1
2026-01-18,Ltle Bfast Saus,2
2026-01-18,Mini Hash Browns,3
2026-01-18,Multiseed Toast Bread,3
2026-01-18,P.Eggs on Toast,8
2026-01-18,Poached Egg,6
2026-01-18,Porridge,0
2026-01-18,Posh Beans,2
2026-01-18,,38
2026-01-18,S.Eggs on Toast,4
2026-01-18,Sausage,13
2026-01-18,Sausage Bap,15
2026-01-18,Scrambled Egg,2
2026-01-18,Sourdough Toast Bread,2
2026-01-18,Streaky Bacon,0
2026-01-18,Tattie Scone,3
2026-01-18,The Breakfast,40
2026-01-18,Toasted Teacake,8
2026-01-18,Tuna JP,2
2026-01-18,Tuna Mayo Mix,0
2026-01-18,Tuna Melt Panini,0
2026-01-18,Tuna Panini,0
2026-01-18,Tuna Toastie,3
2026-01-18,Veg Sausage Bap,0
2026-01-18,Vegan Breakfast,1
2026-01-18,Vegan Sausage,0
2026-01-18,Veggie Bap,0
2026-01-18,Veggie Breakfast,3
2026-01-18,White Toast Bread,40
2026-01-19,Avo & Hal Muffin,0
2026-01-19,"Avo, Egg & Bacon",3
2026-01-19,"Avo, Feta & Tom",2
2026-01-19,Avocado on Toast,2
2026-01-19,Bacon,6
2026-01-19,Bacon Bap,16
2026-01-19,Bacon Egg Brioch,2
2026-01-19,Bacon Waffle,4
2026-01-19,Baked Beans,6
2026-01-19,Baked Beans JP,0
2026-01-19,Bakery,43
2026-01-19,Bean Soldiers,0
2026-01-19,Big Breakfast,14
2026-01-19,Black Pudding,2
2026-01-19,Breakfast Hash,1
2026-01-19,Breakfast Muffin,3
2026-01-19,Breakfast Wrap,0
2026-01-19,Brown Toast Bread,9
2026-01-19,Buttd Mushrooms,2
2026-01-19,Cheese & Bean JP,1
2026-01-19,Cheese JP,0
2026-01-19,Chick Flatbread,0
2026-01-19,Chicken Club,0
2026-01-19,Chilli Carne JP,1
2026-01-19,Egg Bacon Brioch,0
2026-01-19,Egg Bap,1
2026-01-19,Extra Beans,0
2026-01-19,F.Eggs on Toast,1
2026-01-19,Festive Stack,4
2026-01-19,Fried Egg,8
2026-01-19,Hash Brown,4
2026-01-19,Hash Brown Bites,0
2026-01-19,Little Avo Toast,0
2026-01-19,Little Bean Toas,0
2026-01-19,Little Egg Toast,0
2026-01-19,Ltle Bfast Bacon,1
2026-01-19,Ltle Bfast Saus,2
2026-01-19,Mini Hash Browns,2
2026-01-19,Multiseed Toast Bread,3
2026-01-19,P.Eggs on Toast,6
2026-01-19,Poached Egg,4
2026-01-19,Porridge,0
2026-01-19,Posh Beans,1
2026-01-19,,33
2026-01-19,S.Eggs on Toast,3
2026-01-19,Sausage,6
2026-01-19,Sausage Bap,13
2026-01-19,Scrambled Egg,1
2026-01-19,Sourdough Toast Bread,1
2026-01-19,Streaky Bacon,0
2026-01-19,Tattie Scone,2
2026-01-19,The Breakfast,22
2026-01-19,Toasted Teacake,11
2026-01-19,Tuna JP,2
2026-01-19,Tuna Mayo Mix,0
2026-01-19,Tuna Melt Panini,0
2026-01-19,Tuna Panini,0
2026-01-19,Tuna Toastie,3
2026-01-19,Veg Sausage Bap,0
2026-01-19,Vegan Breakfast,1
2026-01-19,Vegan Sausage,0
2026-01-19,Veggie Bap,0
2026-01-19,Veggie Breakfast,2
2026-01-19,White Toast Bread,22
2026-01-20,Avo & Hal Muffin,0
2026-01-20,"Avo, Egg & Bacon",3
2026-01-20,"Avo, Feta & Tom",2
2026-01-20,Avocado on Toast,2
2026-01-20,Bacon,6
2026-01-20,Bacon Bap,17
2026-01-20,Bacon Egg Brioch,1
2026-01-20,Bacon Waffle,4
2026-01-20,Baked Beans,5
2026-01-20,Baked Beans JP,0
2026-01-20,Bakery,46
2026-01-20,Bean Soldiers,0
2026-01-20,Big Breakfast,14
2026-01-20,Black Pudding,2
2026-01-20,Breakfast Hash,1
2026-01-20,Breakfast Muffin,3
2026-01-20,Breakfast Wrap,0
2026-01-20,Brown Toast Bread,9
2026-01-20,Buttd Mushrooms,2
2026-01-20,Cheese & Bean JP,1
2026-01-20,Cheese JP,0
2026-01-20,Chick Flatbread,0
2026-01-20,Chicken Club,0
2026-01-20,Chilli Carne JP,1
2026-01-20,Egg Bacon Brioch,0
2026-01-20,Egg Bap,1
2026-01-20,Extra Beans,0
2026-01-20,F.Eggs on Toast,1
2026-01-20,Festive Stack,4
2026-01-20,Fried Egg,8
2026-01-20,Hash Brown,5
2026-01-20,Hash Brown Bites,0
2026-01-20,Little Avo Toast,0
2026-01-20,Little Bean Toas,0
2026-01-20,Little Egg Toast,0
2026-01-20,Ltle Bfast Bacon,1
2026-01-20,Ltle Bfast Saus,2
2026-01-20,Mini Hash Browns,2
2026-01-20,Multiseed Toast Bread,3
2026-01-20,P.Eggs on Toast,6
2026-01-20,Poached Egg,4
2026-01-20,Porridge,0
2026-01-20,Posh Beans,1
2026-01-20,,30
2026-01-20,S.Eggs on Toast,3
2026-01-20,Sausage,5
2026-01-20,Sausage Bap,13
2026-01-20,Scrambled Egg,1
2026-01-20,Sourdough Toast Bread,1
2026-01-20,Streaky Bacon,0
2026-01-20,Tattie Scone,2
2026-01-20,The Breakfast,23
2026-01-20,Toasted Teacake,11
2026-01-20,Tuna JP,2
2026-01-20,Tuna Mayo Mix,0
2026-01-20,Tuna Melt Panini,0
2026-01-20,Tuna Panini,0
2026-01-20,Tuna Toastie,3
2026-01-20,Veg Sausage Bap,0
2026-01-20,Vegan Breakfast,0
2026-01-20,Vegan Sausage,0
2026-01-20,Veggie Bap,0
2026-01-20,Veggie Breakfast,2
2026-01-20,White Toast Bread,23
2026-01-21,Avo & Hal Muffin,0
2026-01-21,"Avo, Egg & Bacon",3
2026-01-21,"Avo, Feta & Tom",2
2026-01-21,Avocado on Toast,2
2026-01-21,Bacon,7
2026-01-21,Bacon Bap,18
2026-01-21,Bacon Egg Brioch,2
2026-01-21,Bacon Waffle,4
2026-01-21,Baked Beans,6
2026-01-21,Baked Beans JP,0
2026-01-21,Bakery,46
2026-01-21,Bean Soldiers,0
2026-01-21,Big Breakfast,14
2026-01-21,Black Pudding,2
2026-01-21,Breakfast Hash,1
2026-01-21,Breakfast Muffin,3
2026-01-21,Breakfast Wrap,0
2026-01-21,Brown Toast Bread,9
2026-01-21,Buttd Mushrooms,2
2026-01-21,Cheese & Bean JP,1
2026-01-21,Cheese JP,0
2026-01-21,Chick Flatbread,0
2026-01-21,Chicken Club,0
2026-01-21,Chilli Carne JP,1
2026-01-21,Egg Bacon Brioch,0
2026-01-21,Egg Bap,1
2026-01-21,Extra Beans,0
2026-01-21,F.Eggs on Toast,1
2026-01-21,Festive Stack,4
2026-01-21,Fried Egg,8
2026-01-21,Hash Brown,4
2026-01-21,Hash Brown Bites,0
2026-01-21,Little Avo Toast,0
2026-01-21,Little Bean Toas,0
2026-01-21,Little Egg Toast,0
2026-01-21,Ltle Bfast Bacon,1
2026-01-21,Ltle Bfast Saus,2
2026-01-21,Mini Hash Browns,2
2026-01-21,Multiseed Toast Bread,3
2026-01-21,P.Eggs on Toast,7
2026-01-21,Poached Egg,4
2026-01-21,Porridge,0
2026-01-21,Posh Beans,1
2026-01-21,,36
2026-01-21,S.Eggs on Toast,3
2026-01-21,Sausage,6
2026-01-21,Sausage Bap,13
2026-01-21,Scrambled Egg,1
2026-01-21,Sourdough Toast Bread,1
2026-01-21,Streaky Bacon,0
2026-01-21,Tattie Scone,2
2026-01-21,The Breakfast,23
2026-01-21,Toasted Teacake,9
2026-01-21,Tuna JP,2
2026-01-21,Tuna Mayo Mix,0
2026-01-21,Tuna Melt Panini,0
2026-01-21,Tuna Panini,0
2026-01-21,Tuna Toastie,3
2026-01-21,Veg Sausage Bap,0
2026-01-21,Vegan Breakfast,0
2026-01-21,Vegan Sausage,0
2026-01-21,Veggie Bap,0
2026-01-21,Veggie Breakfast,2
2026-01-21,White Toast Bread,24
2026-01-22,Avo & Hal Muffin,0
2026-01-22,"Avo, Egg & Bacon",3
2026-01-22,"Avo, Feta & Tom",2
2026-01-22,Avocado on Toast,3
2026-01-22,Bacon,7
2026-01-22,Bacon Bap,19
2026-01-22,Bacon Egg Brioch,2
2026-01-22,Bacon Waffle,4
2026-01-22,Baked Beans,6
2026-01-22,Baked Beans JP,0
2026-01-22,Bakery,45
2026-01-22,Bean Soldiers,0
2026-01-22,Big Breakfast,15
2026-01-22,Black Pudding,2
2026-01-22,Breakfast Hash,1
2026-01-22,Breakfast Muffin,3
2026-01-22,Breakfast Wrap,0
2026-01-22,Brown Toast Bread,9
2026-01-22,Buttd Mushrooms,2
2026-01-22,Cheese & Bean JP,1
2026-01-22,Cheese JP,0
2026-01-22,Chick Flatbread,0
2026-01-22,Chicken Club,0
2026-01-22,Chilli Carne JP,1
2026-01-22,Egg Bacon Brioch,0
2026-01-22,Egg Bap,1
2026-01-22,Extra Beans,0
2026-01-22,F.Eggs on Toast,1
2026-01-22,Festive Stack,4
2026-01-22,Fried Egg,10
2026-01-22,Hash Brown,5
2026-01-22,Hash Brown Bites,0
2026-01-22,Little Avo Toast,0
2026-01-22,Little Bean Toas,0
2026-01-22,Little Egg Toast,0
2026-01-22,Ltle Bfast Bacon,1
2026-01-22,Ltle Bfast Saus,2
2026-01-22,Mini Hash Browns,2
2026-01-22,Multiseed Toast Bread,3
2026-01-22,P.Eggs on Toast,8
2026-01-22,Poached Egg,5
2026-01-22,Porridge,0
2026-01-22,Posh Beans,1
2026-01-22,,35
2026-01-22,S.Eggs on Toast,3
2026-01-22,Sausage,6
2026-01-22,Sausage Bap,14
2026-01-22,Scrambled Egg,1
2026-01-22,Sourdough Toast Bread,1
2026-01-22,Streaky Bacon,0
2026-01-22,Tattie Scone,2
2026-01-22,The Breakfast,20
2026-01-22,Toasted Teacake,11
2026-01-22,Tuna JP,2
2026-01-22,Tuna Mayo Mix,0
2026-01-22,Tuna Melt Panini,0
2026-01-22,Tuna Panini,0
2026-01-22,Tuna Toastie,3
2026-01-22,Veg Sausage Bap,0
2026-01-22,Vegan Breakfast,1
2026-01-22,Vegan Sausage,0
2026-01-22,Veggie Bap,0
2026-01-22,Veggie Breakfast,2
2026-01-22,White Toast Bread,20
2026-01-23,Avo & Hal Muffin,0
2026-01-23,"Avo, Egg & Bacon",3
2026-01-23,"Avo, Feta & Tom",2
2026-01-23,Avocado on Toast,3
2026-01-23,Bacon,8
2026-01-23,Bacon Bap,20
2026-01-23,Bacon Egg Brioch,2
2026-01-23,Bacon Waffle,4
2026-01-23,Baked Beans,7
2026-01-23,Baked Beans JP,0
2026-01-23,Bakery,49
2026-01-23,Bean Soldiers,0
2026-01-23,Big Breakfast,17
2026-01-23,Black Pudding,2
2026-01-23,Breakfast Hash,1
2026-01-23,Breakfast Muffin,3
2026-01-23,Breakfast Wrap,0
2026-01-23,Brown Toast Bread,10
2026-01-23,Buttd Mushrooms,2
2026-01-23,Cheese & Bean JP,1
2026-01-23,Cheese JP,0
2026-01-23,Chick Flatbread,0
2026-01-23,Chicken Club,0
2026-01-23,Chilli Carne JP,1
2026-01-23,Egg Bacon Brioch,0
2026-01-23,Egg Bap,2
2026-01-23,Extra Beans,0
2026-01-23,F.Eggs on Toast,1
2026-01-23,Festive Stack,4
2026-01-23,Fried Egg,10
2026-01-23,Hash Brown,6
2026-01-23,Hash Brown Bites,0
2026-01-23,Little Avo Toast,0
2026-01-23,Little Bean Toas,0
2026-01-23,Little Egg Toast,0
2026-01-23,Ltle Bfast Bacon,1
2026-01-23,Ltle Bfast Saus,2
2026-01-23,Mini Hash Browns,2
2026-01-23,Multiseed Toast Bread,3
2026-01-23,P.Eggs on Toast,9
2026-01-23,Poached Egg,5
2026-01-23,Porridge,0
2026-01-23,Posh Beans,1
2026-01-23,,38
2026-01-23,S.Eggs on Toast,3
2026-01-23,Sausage,7
2026-01-23,Sausage Bap,16
2026-01-23,Scrambled Egg,1
2026-01-23,Sourdough Toast Bread,1
2026-01-23,Streaky Bacon,0
2026-01-23,Tattie Scone,2
2026-01-23,The Breakfast,29
2026-01-23,Toasted Teacake,11
2026-01-23,Tuna JP,2
2026-01-23,Tuna Mayo Mix,0
2026-01-23,Tuna Melt Panini,0
2026-01-23,Tuna Panini,0
2026-01-23,Tuna Toastie,3
2026-01-23,Veg Sausage Bap,0
2026-01-23,Vegan Breakfast,1
2026-01-23,Vegan Sausage,0
2026-01-23,Veggie Bap,0
2026-01-23,Veggie Breakfast,2
2026-01-23,White Toast Bread,29
2026-01-24,Avo & Hal Muffin,0
2026-01-24,"Avo, Egg & Bacon",4
2026-01-24,"Avo, Feta & Tom",3
2026-01-24,Avocado on Toast,3
2026-01-24,Bacon,10
2026-01-24,Bacon Bap,20
2026-01-24,Bacon Egg Brioch,2
2026-01-24,Bacon Waffle,5
2026-01-24,Baked Beans,7
2026-01-24,Baked Beans JP,0
2026-01-24,Bakery,57
2026-01-24,Bean Soldiers,0
2026-01-24,Big Breakfast,23
2026-01-24,Black Pudding,4
2026-01-24,Breakfast Hash,1
2026-01-24,Breakfast Muffin,5
2026-01-24,Breakfast Wrap,0
2026-01-24,Brown Toast Bread,11
2026-01-24,Buttd Mushrooms,2
2026-01-24,Cheese & Bean JP,1
2026-01-24,Cheese JP,0
2026-01-24,Chick Flatbread,0
2026-01-24,Chicken Club,0
2026-01-24,Chilli Carne JP,2
2026-01-24,Egg Bacon Brioch,0
2026-01-24,Egg Bap,2
2026-01-24,Extra Beans,0
2026-01-24,F.Eggs on Toast,2
2026-01-24,Festive Stack,5
2026-01-24,Fried Egg,12
2026-01-24,Hash Brown,7
2026-01-24,Hash Brown Bites,0
2026-01-24,Little Avo Toast,0
2026-01-24,Little Bean Toas,0
2026-01-24,Little Egg Toast,0
2026-01-24,Ltle Bfast Bacon,1
2026-01-24,Ltle Bfast Saus,3
2026-01-24,Mini Hash Browns,3
2026-01-24,Multiseed Toast Bread,3
2026-01-24,P.Eggs on Toast,9
2026-01-24,Poached Egg,5
2026-01-24,Porridge,0
2026-01-24,Posh Beans,2
2026-01-24,,51
2026-01-24,S.Eggs on Toast,4
2026-01-24,Sausage,12
2026-01-24,Sausage Bap,17
2026-01-24,Scrambled Egg,2
2026-01-24,Sourdough Toast Bread,2
2026-01-24,Streaky Bacon,0
2026-01-24,Tattie Scone,3
2026-01-24,The Breakfast,41
2026-01-24,Toasted Teacake,8
2026-01-24,Tuna JP,2
2026-01-24,Tuna Mayo Mix,0
2026-01-24,Tuna Melt Panini,0
2026-01-24,Tuna Panini,0
2026-01-24,Tuna Toastie,3
2026-01-24,Veg Sausage Bap,0
2026-01-24,Vegan Breakfast,1
2026-01-24,Vegan Sausage,0
2026-01-24,Veggie Bap,0
2026-01-24,Veggie Breakfast,3
2026-01-24,White Toast Bread,38
2026-01-25,Avo & Hal Muffin,0
2026-01-25,"Avo, Egg & Bacon",4
2026-01-25,"Avo, Feta & Tom",3
2026-01-25,Avocado on Toast,3
2026-01-25,Bacon,11
2026-01-25,Bacon Bap,18
2026-01-25,Bacon Egg Brioch,2
2026-01-25,Bacon Waffle,6
2026-01-25,Baked Beans,7
2026-01-25,Baked Beans JP,0
2026-01-25,Bakery,48
2026-01-25,Bean Soldiers,0
2026-01-25,Big Breakfast,28
2026-01-25,Black Pudding,5
2026-01-25,Breakfast Hash,1
2026-01-25,Breakfast Muffin,5
2026-01-25,Breakfast Wrap,0
2026-01-25,Brown Toast Bread,11
2026-01-25,Buttd Mushrooms,2
2026-01-25,Cheese & Bean JP,1
2026-01-25,Cheese JP,0
2026-01-25,Chick Flatbread,0
2026-01-25,Chicken Club,0
2026-01-25,Chilli Carne JP,2
2026-01-25,Egg Bacon Brioch,0
2026-01-25,Egg Bap,2
2026-01-25,Extra Beans,0
2026-01-25,F.Eggs on Toast,1
2026-01-25,Festive Stack,5
2026-01-25,Fried Egg,12
2026-01-25,Hash Brown,7
2026-01-25,Hash Brown Bites,0
2026-01-25,Little Avo Toast,0
2026-01-25,Little Bean Toas,0
2026-01-25,Little Egg Toast,0
2026-01-25,Ltle Bfast Bacon,1
2026-01-25,Ltle Bfast Saus,2
2026-01-25,Mini Hash Browns,3
2026-01-25,Multiseed Toast Bread,3
2026-01-25,P.Eggs on Toast,8
2026-01-25,Poached Egg,6
2026-01-25,Porridge,0
2026-01-25,Posh Beans,2
2026-01-25,,40
2026-01-25,S.Eggs on Toast,4
2026-01-25,Sausage,13
2026-01-25,Sausage Bap,16
2026-01-25,Scrambled Egg,2
2026-01-25,Sourdough Toast Bread,1
2026-01-25,Streaky Bacon,0
2026-01-25,Tattie Scone,3
2026-01-25,The Breakfast,36
2026-01-25,Toasted Teacake,7
2026-01-25,Tuna JP,2
2026-01-25,Tuna Mayo Mix,0
2026-01-25,Tuna Melt Panini,0
2026-01-25,Tuna Panini,0
2026-01-25,Tuna Toastie,3
2026-01-25,Veg Sausage Bap,0
2026-01-25,Vegan Breakfast,1
2026-01-25,Vegan Sausage,0
2026-01-25,Veggie Bap,0
2026-01-25,Veggie Breakfast,3
2026-01-25,White Toast Bread,39
2026-01-26,Avo & Hal Muffin,0
2026-01-26,"Avo, Egg & Bacon",3
2026-01-26,"Avo, Feta & Tom",2
2026-01-26,Avocado on Toast,2
2026-01-26,Bacon,6
2026-01-26,Bacon Bap,17
2026-01-26,Bacon Egg Brioch,2
2026-01-26,Bacon Waffle,4
2026-01-26,Baked Beans,5
2026-01-26,Baked Beans JP,0
2026-01-26,Bakery,45
2026-01-26,Bean Soldiers,0
2026-01-26,Big Breakfast,13
2026-01-26,Black Pudding,2
2026-01-26,Breakfast Hash,1
2026-01-26,Breakfast Muffin,3
2026-01-26,Breakfast Wrap,0
2026-01-26,Brown Toast Bread,8
2026-01-26,Buttd Mushrooms,2
2026-01-26,Cheese & Bean JP,1
2026-01-26,Cheese JP,0
2026-01-26,Chick Flatbread,0
2026-01-26,Chicken Club,0
2026-01-26,Chilli Carne JP,1
2026-01-26,Egg Bacon Brioch,0
2026-01-26,Egg Bap,1
2026-01-26,Extra Beans,0
2026-01-26,F.Eggs on Toast,1
2026-01-26,Festive Stack,4
2026-01-26,Fried Egg,8
2026-01-26,Hash Brown,5
2026-01-26,Hash Brown Bites,0
2026-01-26,Little Avo Toast,0
2026-01-26,Little Bean Toas,0
2026-01-26,Little Egg Toast,0
2026-01-26,Ltle Bfast Bacon,1
2026-01-26,Ltle Bfast Saus,2
2026-01-26,Mini Hash Browns,2
2026-01-26,Multiseed Toast Bread,3
2026-01-26,P.Eggs on Toast,6
2026-01-26,Poached Egg,4
2026-01-26,Porridge,0
2026-01-26,Posh Beans,1
2026-01-26,,34
2026-01-26,S.Eggs on Toast,3
2026-01-26,Sausage,6
2026-01-26,Sausage Bap,13
2026-01-26,Scrambled Egg,1
2026-01-26,Sourdough Toast Bread,1
2026-01-26,Streaky Bacon,0
2026-01-26,Tattie Scone,2
2026-01-26,The Breakfast,20
2026-01-26,Toasted Teacake,10
2026-01-26,Tuna JP,2
2026-01-26,Tuna Mayo Mix,0
2026-01-26,Tuna Melt Panini,0
2026-01-26,Tuna Panini,0
2026-01-26,Tuna Toastie,3
2026-01-26,Veg Sausage Bap,0
2026-01-26,Vegan Breakfast,1
2026-01-26,Vegan Sausage,0
2026-01-26,Veggie Bap,0
2026-01-26,Veggie Breakfast,2
2026-01-26,White Toast Bread,22
2026-01-27,Avo & Hal Muffin,0
2026-01-27,"Avo, Egg & Bacon",3
2026-01-27,"Avo, Feta & Tom",2
2026-01-27,Avocado on Toast,2
2026-01-27,Bacon,6
2026-01-27,Bacon Bap,17
2026-01-27,Bacon Egg Brioch,2
2026-01-27,Bacon Waffle,4
2026-01-27,Baked Beans,5
2026-01-27,Baked Beans JP,0
2026-01-27,Bakery,46
2026-01-27,Bean Soldiers,0
2026-01-27,Big Breakfast,13
2026-01-27,Black Pudding,2
2026-01-27,Breakfast Hash,1
2026-01-27,Breakfast Muffin,3
2026-01-27,Breakfast Wrap,0
2026-01-27,Brown Toast Bread,8
2026-01-27,Buttd Mushrooms,2
2026-01-27,Cheese & Bean JP,1
2026-01-27,Cheese JP,0
2026-01-27,Chick Flatbread,0
2026-01-27,Chicken Club,0
2026-01-27,Chilli Carne JP,1
2026-01-27,Egg Bacon Brioch,0
2026-01-27,Egg Bap,1
2026-01-27,Extra Beans,0
2026-01-27,F.Eggs on Toast,1
2026-01-27,Festive Stack,4
2026-01-27,Fried Egg,8
2026-01-27,Hash Brown,5
2026-01-27,Hash Brown Bites,0
2026-01-27,Little Avo Toast,0
2026-01-27,Little Bean Toas,0
2026-01-27,Little Egg Toast,0
2026-01-27,Ltle Bfast Bacon,1
2026-01-27,Ltle Bfast Saus,2
2026-01-27,Mini Hash Browns,2
2026-01-27,Multiseed Toast Bread,3
2026-01-27,P.Eggs on Toast,6
2026-01-27,Poached Egg,4
2026-01-27,Porridge,0
2026-01-27,Posh Beans,1
2026-01-27,,33
2026-01-27,S.Eggs on Toast,3
2026-01-27,Sausage,5
2026-01-27,Sausage Bap,13
2026-01-27,Scrambled Egg,1
2026-01-27,Sourdough Toast Bread,1
2026-01-27,Streaky Bacon,0
2026-01-27,Tattie Scone,2
2026-01-27,The Breakfast,20
2026-01-27,Toasted Teacake,11
2026-01-27,Tuna JP,2
2026-01-27,Tuna Mayo Mix,0
2026-01-27,Tuna Melt Panini,0
2026-01-27,Tuna Panini,0
2026-01-27,Tuna Toastie,3
2026-01-27,Veg Sausage Bap,0
2026-01-27,Vegan Breakfast,0
2026-01-27,Vegan Sausage,0
2026-01-27,Veggie Bap,0
2026-01-27,Veggie Breakfast,2
2026-01-27,White Toast Bread,21
2026-01-28,Avo & Hal Muffin,0
2026-01-28,"Avo, Egg & Bacon",3
2026-01-28,"Avo, Feta & Tom",2
2026-01-28,Avocado on Toast,2
2026-01-28,Bacon,7
2026-01-28,Bacon Bap,17
2026-01-28,Bacon Egg Brioch,2
2026-01-28,Bacon Waffle,4
2026-01-28,Baked Beans,6
2026-01-28,Baked Beans JP,0
2026-01-28,Bakery,48
2026-01-28,Bean Soldiers,0
2026-01-28,Big Breakfast,14
2026-01-28,Black Pudding,2
2026-01-28,Breakfast Hash,1
2026-01-28,Breakfast Muffin,3
2026-01-28,Breakfast Wrap,0
2026-01-28,Brown Toast Bread,8
2026-01-28,Buttd Mushrooms,2
2026-01-28,Cheese & Bean JP,1
2026-01-28,Cheese JP,0
2026-01-28,Chick Flatbread,0
2026-01-28,Chicken Club,0
2026-01-28,Chilli Carne JP,1
2026-01-28,Egg Bacon Brioch,0
2026-01-28,Egg Bap,1
2026-01-28,Extra Beans,0
2026-01-28,F.Eggs on Toast,1
2026-01-28,Festive Stack,4
2026-01-28,Fried Egg,8
2026-01-28,Hash Brown,5
2026-01-28,Hash Brown Bites,0
2026-01-28,Little Avo Toast,0
2026-01-28,Little Bean Toas,0
2026-01-28,Little Egg Toast,0
2026-01-28,Ltle Bfast Bacon,1
2026-01-28,Ltle Bfast Saus,2
2026-01-28,Mini Hash Browns,2
2026-01-28,Multiseed Toast Bread,3
2026-01-28,P.Eggs on Toast,7
2026-01-28,Poached Egg,4
2026-01-28,Porridge,0
2026-01-28,Posh Beans,1
2026-01-28,,39
2026-01-28,S.Eggs on Toast,3
2026-01-28,Sausage,6
2026-01-28,Sausage Bap,12
2026-01-28,Scrambled Egg,1
2026-01-28,Sourdough Toast Bread,1
2026-01-28,Streaky Bacon,0
2026-01-28,Tattie Scone,2
2026-01-28,The Breakfast,24
2026-01-28,Toasted Teacake,9
2026-01-28,Tuna JP,2
2026-01-28,Tuna Mayo Mix,0
2026-01-28,Tuna Melt Panini,0
2026-01-28,Tuna Panini,0
2026-01-28,Tuna Toastie,3
2026-01-28,Veg Sausage Bap,0
2026-01-28,Vegan Breakfast,0
2026-01-28,Vegan Sausage,0
2026-01-28,Veggie Bap,0
2026-01-28,Veggie Breakfast,2
2026-01-28,White Toast Bread,24
2026-01-29,Avo & Hal Muffin,0
2026-01-29,"Avo, Egg & Bacon",3
2026-01-29,"Avo, Feta & Tom",2
2026-01-29,Avocado on Toast,3
2026-01-29,Bacon,8
2026-01-29,Bacon Bap,19
2026-01-29,Bacon Egg Brioch,2
2026-01-29,Bacon Waffle,4
2026-01-29,Baked Beans,7
2026-01-29,Baked Beans JP,0
2026-01-29,Bakery,49
2026-01-29,Bean Soldiers,0
2026-01-29,Big Breakfast,15
2026-01-29,Black Pudding,2
2026-01-29,Breakfast Hash,1
2026-01-29,Breakfast Muffin,3
2026-01-29,Breakfast Wrap,0
2026-01-29,Brown Toast Bread,9
2026-01-29,Buttd Mushrooms,2
2026-01-29,Cheese & Bean JP,1
2026-01-29,Cheese JP,0
2026-01-29,Chick Flatbread,0
2026-01-29,Chicken Club,0
2026-01-29,Chilli Carne JP,1
2026-01-29,Egg Bacon Brioch,0
2026-01-29,Egg Bap,1
2026-01-29,Extra Beans,0
2026-01-29,F.Eggs on Toast,1
2026-01-29,Festive Stack,4
2026-01-29,Fried Egg,9
2026-01-29,Hash Brown,6
2026-01-29,Hash Brown Bites,0
2026-01-29,Little Avo Toast,0
2026-01-29,Little Bean Toas,0
2026-01-29,Little Egg Toast,0
2026-01-29,Ltle Bfast Bacon,1
2026-01-29,Ltle Bfast Saus,2
2026-01-29,Mini Hash Browns,2
2026-01-29,Multiseed Toast Bread,3
2026-01-29,P.Eggs on Toast,9
2026-01-29,Poached Egg,5
2026-01-29,Porridge,0
2026-01-29,Posh Beans,1
2026-01-29,,39
2026-01-29,S.Eggs on Toast,3
2026-01-29,Sausage,6
2026-01-29,Sausage Bap,15
2026-01-29,Scrambled Egg,1
2026-01-29,Sourdough Toast Bread,1
2026-01-29,Streaky Bacon,0
2026-01-29,Tattie Scone,2
2026-01-29,The Breakfast,23
2026-01-29,Toasted Teacake,11
2026-01-29,Tuna JP,2
2026-01-29,Tuna Mayo Mix,0
2026-01-29,Tuna Melt Panini,0
2026-01-29,Tuna Panini,0
2026-01-29,Tuna Toastie,3
2026-01-29,Veg Sausage Bap,0
2026-01-29,Vegan Breakfast,1
2026-01-29,Vegan Sausage,0
2026-01-29,Veggie Bap,0
2026-01-29,Veggie Breakfast,2
2026-01-29,White Toast Bread,23
2026-01-30,Avo & Hal Muffin,0
2026-01-30,"Avo, Egg & Bacon",3
2026-01-30,"Avo, Feta & Tom",2
2026-01-30,Avocado on Toast,3
2026-01-30,Bacon,8
2026-01-30,Bacon Bap,21
2026-01-30,Bacon Egg Brioch,2
2026-01-30,Bacon Waffle,4
2026-01-30,Baked Beans,7
2026-01-30,Baked Beans JP,0
2026-01-30,Bakery,54
2026-01-30,Bean Soldiers,0
2026-01-30,Big Breakfast,17
2026-01-30,Black Pudding,2
2026-01-30,Breakfast Hash,1
2026-01-30,Breakfast Muffin,4
2026-01-30,Breakfast Wrap,0
2026-01-30,Brown Toast Bread,10
2026-01-30,Buttd Mushrooms,2
2026-01-30,Cheese & Bean JP,1
2026-01-30,Cheese JP,0
2026-01-30,Chick Flatbread,0
2026-01-30,Chicken Club,0
2026-01-30,Chilli Carne JP,1
2026-01-30,Egg Bacon Brioch,0
2026-01-30,Egg Bap,2
2026-01-30,Extra Beans,0
2026-01-30,F.Eggs on Toast,1
2026-01-30,Festive Stack,5
2026-01-30,Fried Egg,10
2026-01-30,Hash Brown,6
2026-01-30,Hash Brown Bites,0
2026-01-30,Little Avo Toast,0
2026-01-30,Little Bean Toas,0
2026-01-30,Little Egg Toast,0
2026-01-30,Ltle Bfast Bacon,1
2026-01-30,Ltle Bfast Saus,2
2026-01-30,Mini Hash Browns,2
2026-01-30,Multiseed Toast Bread,3
2026-01-30,P.Eggs on Toast,9
2026-01-30,Poached Egg,5
2026-01-30,Porridge,0
2026-01-30,Posh Beans,1
2026-01-30,,41
2026-01-30,S.Eggs on Toast,3
2026-01-30,Sausage,7
2026-01-30,Sausage Bap,17
2026-01-30,Scrambled Egg,1
2026-01-30,Sourdough Toast Bread,1
2026-01-30,Streaky Bacon,0
2026-01-30,Tattie Scone,2
2026-01-30,The Breakfast,31
2026-01-30,Toasted Teacake,12
2026-01-30,Tuna JP,2
2026-01-30,Tuna Mayo Mix,0
2026-01-30,Tuna Melt Panini,0
2026-01-30,Tuna Panini,0
2026-01-30,Tuna Toastie,3
2026-01-30,Veg Sausage Bap,0
2026-01-30,Vegan Breakfast,1
2026-01-30,Vegan Sausage,0
2026-01-30,Veggie Bap,0
2026-01-30,Veggie Breakfast,2
2026-01-30,White Toast Bread,30
